23,667,Dessert,"Dessert,Cold",AlmondCream Glutinous Ball
1,2000,Dessert,"Dessert,Cold",AlmondCream Glutinous Ball
20,1515,Main,"Baked Rice,Beef",BAKED RICE CURRY SLICED BEEF
31,1515,Main,"BakedRice,Seafood",BAKED RICE EBI
71,545,Side,"Dimsum,Pork",BBQ Pork Bun
0,1091,Side,"Dimsum,Pork",BBQ Pork Bun
0,1636,Side,"Dimsum,Pork",BBQ Pork Bun
13,1515,Main,"Bakedrice,Beef",BP Beef Bk Rice
1,4545,Main,"Bakedrice,Beef",BP Beef Bk Rice
15,1273,Main,"Western,Chicken",BP Chicken Chop
0,2545,Main,"Western,Chicken",BP Chicken Chop
0,3818,Main,"Western,Chicken",BP Chicken Chop
29,1273,Main,"Spaghetti,Chicken",BP Chicken Chop Spag
0,2545,Main,"Spaghetti,Chicken",BP Chicken Chop Spag
37,1273,Main,"Western,Chicken",BP Chix Chop & Fries
0,2545,Main,"Western,Chicken",BP Chix Chop & Fries
1,3818,Main,"Western,Chicken",BP Chix Chop & Fries
56,1273,Main,"Spaghetti,Chicken",BP Chix Spag
1,3818,Main,"Spaghetti,Chicken",BP Chix Spag
16,1515,Main,"Spaghetti,Pork",Baked Pork Chop Cream Spag
92,667,Side,"Dimsum,Pork",Beancurd Skin Prawn Roll
0,1333,Side,"Dimsum,Pork",Beancurd Skin Prawn Roll
0,2000,Side,"Dimsum,Pork",Beancurd Skin Prawn Roll
13,473,Dessert,"Dessert,Cold",Beancurd w Mango
0,944,Dessert,"Dessert,Cold",Beancurd w Mango
1,1418,Dessert,"Dessert,Cold",Beancurd w Mango
32,1151,Side,"Vegetable,Seafood",Belacan 4 S.Bean
1,3454,Side,"Vegetable,Seafood",Belacan 4 S.Bean
18,352,Side,Bread,Bo Lo Bun
0,1055,Side,Bread,Bo Lo Bun
0,1757,Side,Bread,Bo Lo Bun
26,594,Side,"Soup,Beef",Borsch Soup
0,1188,Side,"Soup,Beef",Borsch Soup
57,1188,Main,"Noodlesoup,Beef",Braised Beef Brisket Soup Noodles
1,2376,Main,"Noodlesoup,Beef",Braised Beef Brisket Soup Noodles
0,3564,Main,"Noodlesoup,Beef",Braised Beef Brisket Soup Noodles
16,1200,Main,"Noodle,Beef",Braised Beef brisket Noodles
0,4800,Main,"Noodle,Beef",Braised Beef brisket Noodles
28,1200,Main,"Noodle,Chicken",CHICKEN CHOP EGG DRY NOODLE
18,836,Drink,"Drink,Cold",COKE FLOAT
0,2509,Drink,"Drink,Cold",COKE FLOAT
61,1636,Main,"Noodle,Seafood",CRISPY PRAWN NOODLE
1,3272,Main,"Noodle,Seafood",CRISPY PRAWN NOODLE
42,1394,Main,"Rice,Beef",CURRY BEEF BRISKET HOT POT WITH RICE
56,1030,Main,"Porridge,Pork",Cent Egg Pork Por
0,2061,Main,"Porridge,Pork",Cent Egg Pork Por
0,3091,Main,"Porridge,Pork",Cent Egg Pork Por
196,1442,Main,"Spaghetti,Chicken",Chicken Chop Cream Spag
2,2885,Main,"Spaghetti,Chicken",Chicken Chop Cream Spag
1,4327,Main,"Spaghetti,Chicken",Chicken Chop Cream Spag
0,5770,Main,"Spaghetti,Chicken",Chicken Chop Cream Spag
0,7212,Main,"Spaghetti,Chicken",Chicken Chop Cream Spag
82,1394,Main,"Noodle,Chicken",Chicken Dry Curry Ramen
0,2788,Main,"Noodle,Chicken",Chicken Dry Curry Ramen
0,6970,Main,"Noodle,Chicken",Chicken Dry Curry Ramen
30,594,Side,"Dimsum,Chicken",Chicken Feet
0,1188,Side,"Dimsum,Chicken",Chicken Feet
69,1273,Main,"Friedrice,Chicken",Chicken Flos Fried Rice
1,2545,Main,"Friedrice,Chicken",Chicken Flos Fried Rice
0,3818,Main,"Friedrice,Chicken",Chicken Flos Fried Rice
16,1273,Main,"Friedrice,Chicken",Chicken Floss Egg Fried Rice
0,2545,Main,"Friedrice,Chicken",Chicken Floss Egg Fried Rice
0,3818,Main,"Friedrice,Chicken",Chicken Floss Egg Fried Rice
0,5091,Main,"Friedrice,Chicken",Chicken Floss Egg Fried Rice
36,1273,Main,"Friedrice,Chicken",Chicken Floss N Egg Fried Rice
1,2545,Main,"Friedrice,Chicken",Chicken Floss N Egg Fried Rice
1,3818,Main,"Friedrice,Chicken",Chicken Floss N Egg Fried Rice
24,1321,Main,"Rice,Chicken",Chicken Hot Pot Rice
1,3964,Main,"Rice,Chicken",Chicken Hot Pot Rice
59,1394,Side,"Dimsum,Chicken",Chicken In A Basket(3PCS)
0,4182,Side,"Dimsum,Chicken",Chicken In A Basket(3PCS)
15,2121,Side,"Dimsum,Chicken",Chicken In A Basket(5PCS)
22,909,Main,"Soup,Chicken",Chicken Macaroni Soup
0,1818,Main,"Soup,Chicken",Chicken Macaroni Soup
53,1394,Main,"Noodlesoup,Chicken",Chicken Papaya Soup Beehoon
0,2788,Main,"Noodlesoup,Chicken",Chicken Papaya Soup Beehoon
1,4182,Main,"Noodlesoup,Chicken",Chicken Papaya Soup Beehoon
23,715,Side,"Fingerfood,Chicken",Chicken with Seaweed
0,1430,Side,"Fingerfood,Chicken",Chicken with Seaweed
51,206,Drink,"Drink,Hot",Chinese Tea
1,412,Drink,"Drink,Hot",Chinese Tea
78,1515,Main,"Bakedrice,Chicken",Chix Chop Bk Rice
0,3030,Main,"Bakedrice,Chicken",Chix Chop Bk Rice
1,4545,Main,"Bakedrice,Chicken",Chix Chop Bk Rice
0,7576,Main,"Bakedrice,Chicken",Chix Chop Bk Rice
63,594,Side,"Dimsum,Chicken",Chix Feet
1,1188,Side,"Dimsum,Chicken",Chix Feet
11,594,Side,"Fingerfood,Chicken",Chix Wing BP
22,594,Side,"Fingerfood,Chicken",Chix Wing Home-made Sour 'N' Spicy Powde
0,1188,Side,"Fingerfood,Chicken",Chix Wing Home-made Sour 'N' Spicy Powde
79,594,Side,"Fingerfood,Chicken",Chix Wing Honey Sweet Sauce
0,1188,Side,"Fingerfood,Chicken",Chix Wing Honey Sweet Sauce
0,1782,Side,"Fingerfood,Chicken",Chix Wing Honey Sweet Sauce
35,594,Side,"Fingerfood,Chicken",Chix Wing Japanese Sesame Sauce
0,1188,Side,"Fingerfood,Chicken",Chix Wing Japanese Sesame Sauce
21,594,Side,"Fingerfood,Chicken",Chix Wing Nachos Cheese
0,1188,Side,"Fingerfood,Chicken",Chix Wing Nachos Cheese
0,1782,Side,"Fingerfood,Chicken",Chix Wing Nachos Cheese
35,1442,Main,"Spaghetti,Chicken",Chs Bk Pork Chop Spag
0,2885,Main,"Spaghetti,Chicken",Chs Bk Pork Chop Spag
0,4327,Main,"Spaghetti,Chicken",Chs Bk Pork Chop Spag
29,1200,Main,"Noodle,Pork",Chye Poh N Floss Dry Noodles
0,2400,Main,"Noodle,Pork",Chye Poh N Floss Dry Noodles
0,3600,Main,"Noodle,Pork",Chye Poh N Floss Dry Noodles
20,836,Dessert,"Dessert,Cold",Coffee-Tea Snow Ice
1,2509,Dessert,"Dessert,Cold",Coffee-Tea Snow Ice
0,4182,Dessert,"Dessert,Cold",Coffee-Tea Snow Ice
31,352,Drink,"Drink,Cold",Coke
1,703,Drink,"Drink,Cold",Coke
20,121,Drink,"Drink,Cold",Coke Float (Promo)
0,242,Drink,"Drink,Cold",Coke Float (Promo)
1,364,Drink,"Drink,Cold",Coke Float (Promo)
110,73,Drink,"Drink,Cold",Cold / Iced Water
1,145,Drink,"Drink,Cold",Cold / Iced Water
1,218,Drink,"Drink,Cold",Cold / Iced Water
0,291,Drink,"Drink,Cold",Cold / Iced Water
20,594,Side,"Bread,Sweet",Condensed & Peanut TT
0,1782,Side,"Bread,Sweet",Condensed & Peanut TT
0,545,Side,"Dimsum,Chicken",Custard Bun
62,594,Side,"Dimsum,Chicken",Custard Bun
1,1188,Side,"Dimsum,Chicken",Custard Bun
0,1782,Side,"Dimsum,Chicken",Custard Bun
0,2970,Side,"Dimsum,Chicken",Custard Bun
39,0,Side,"Fingerfood,Seafood",Deep Fried Prawn (3pcs)
28,1151,Side,"Fingerfood,Seafood",Deep-fried Prawns with Mango sauce
0,3454,Side,"Fingerfood,Seafood",Deep-fried Prawns with Mango sauce
41,1273,Main,"Friedrice,Pork",Diced Pork Fried Rice
0,3818,Main,"Friedrice,Pork",Diced Pork Fried Rice
10,473,Side,"Bread,Savoury",Egg & Ham Sandwich
41,1394,Main,"Noodle,Chicken",F'mented Pork Dry Curry Ramen
0,2788,Main,"Noodle,Chicken",F'mented Pork Dry Curry Ramen
0,4182,Main,"Noodle,Chicken",F'mented Pork Dry Curry Ramen
24,594,Side,"Fingerfood,Vegetarian",F.Fries Curry Mayo
0,1188,Side,"Fingerfood,Vegetarian",F.Fries Curry Mayo
0,1782,Side,"Fingerfood,Vegetarian",F.Fries Curry Mayo
14,788,Side,"Bread,Savoury",F.Toast Chicken Floss
0,909,Side,"Bread,Savoury",F.Toast Chicken Floss
43,788,Side,"Bread,Sweet",F.Toast Ice Cream
1,1576,Side,"Bread,Sweet",F.Toast Ice Cream
1,2364,Side,"Bread,Sweet",F.Toast Ice Cream
15,1273,Main,"Noodle,Pork",Fermented Pork Dry Noodle
73,1394,Main,"Western,Fish",Fish & Chips
0,2788,Main,"Western,Fish",Fish & Chips
1,4182,Main,"Western,Fish",Fish & Chips
48,1394,Main,"Bakedrice,Fish",Fish Bk Rice
0,4182,Main,"Bakedrice,Fish",Fish Bk Rice
39,1273,Main,"Noodle,Fish",Fish Egg Sauteed HF
0,2545,Main,"Noodle,Fish",Fish Egg Sauteed HF
0,3818,Main,"Noodle,Fish",Fish Egg Sauteed HF
0,6364,Main,"Noodle,Fish",Fish Egg Sauteed HF
19,1273,Main,"Spaghetti,Fish",Fish Fillet Spag
0,2545,Main,"Spaghetti,Fish",Fish Fillet Spag
0,3818,Main,"Spaghetti,Fish",Fish Fillet Spag
0,5091,Main,"Spaghetti,Fish",Fish Fillet Spag
60,1394,Main,"Noodlesoup,Fish",Fish Papaya Soup Beehoon
0,2788,Main,"Noodlesoup,Fish",Fish Papaya Soup Beehoon
0,4182,Main,"Noodlesoup,Fish",Fish Papaya Soup Beehoon
0,5576,Main,"Noodlesoup,Fish",Fish Papaya Soup Beehoon
37,1273,Main,"Rice,Fish",Fish Slice Muifan
65,1030,Main,"Porridge,Fish",Fish Slice Por
0,5151,Main,"Porridge,Fish",Fish Slice Por
39,594,Side,"Bread,Sweet",French Toast
0,1188,Side,"Bread,Sweet",French Toast
1,1782,Side,"Bread,Sweet",French Toast
41,594,Drink,"Drink,Cold",Fresh  Lime Juice
1,1188,Drink,"Drink,Cold",Fresh  Lime Juice
0,1782,Drink,"Drink,Cold",Fresh  Lime Juice
91,352,Drink,"Drink,Hot",Fresh Soy Milk
2,703,Drink,"Drink,Hot",Fresh Soy Milk
31,1394,Main,"Noodle,Pork",Fried Spare Ribs Bee Hoon
1,2788,Main,"Noodle,Pork",Fried Spare Ribs Bee Hoon
0,4182,Main,"Noodle,Pork",Fried Spare Ribs Bee Hoon
2,0,Side,"Fingerfood,Seafood",Fried Wanton 3pcs
109,958,Dessert,"Dessert,Cold",Fruit Jelly Pudding
5,1914,Dessert,"Dessert,Cold",Fruit Jelly Pudding
3,2873,Dessert,"Dessert,Cold",Fruit Jelly Pudding
0,3829,Dessert,"Dessert,Cold",Fruit Jelly Pudding
17,594,Side,"Fingerfood,Chicken",HAM BO LO BUN
0,1782,Side,"Fingerfood,Chicken",HAM BO LO BUN
48,715,Side,"Fingerfood,Chicken",HONEY CHICKEN WING (5pcs)
0,1430,Side,"Fingerfood,Chicken",HONEY CHICKEN WING (5pcs)
1,2145,Side,"Fingerfood,Chicken",HONEY CHICKEN WING (5pcs)
63,944,Main,"Noodlesoup,Pork",Ham & Egg Soup Ndl
0,2836,Main,"Noodlesoup,Pork",Ham & Egg Soup Ndl
26,836,Side,"Bread,Pork",Ham Egg Toast N French Fries
120,594,Side,"Dimsum,Seafood",Har Gao
2,1188,Side,"Dimsum,Seafood",Har Gao
1,1782,Side,"Dimsum,Seafood",Har Gao
13,352,Dessert,"Dessert,Cold",Home-Made Cold Beancurd
0,703,Dessert,"Dessert,Cold",Home-Made Cold Beancurd
0,1055,Dessert,"Dessert,Cold",Home-Made Cold Beancurd
78,958,Dessert,"Dessert,Cold",Homemade Cold Beancurd
3,1914,Dessert,"Dessert,Cold",Homemade Cold Beancurd
3,2873,Dessert,"Dessert,Cold",Homemade Cold Beancurd
120,424,Drink,"Drink,Hot",Hot Coffee-Tea
2,848,Drink,"Drink,Hot",Hot Coffee-Tea
2,1273,Drink,"Drink,Hot",Hot Coffee-Tea
39,473,Drink,"Drink,Hot",Hot Honey Green Tea
1,944,Drink,"Drink,Hot",Hot Honey Green Tea
0,1418,Drink,"Drink,Hot",Hot Honey Green Tea
137,473,Drink,"Drink,Hot",Hot Honey with Lemon
5,944,Drink,"Drink,Hot",Hot Honey with Lemon
1,1418,Drink,"Drink,Hot",Hot Honey with Lemon
0,1891,Drink,"Drink,Hot",Hot Honey with Lemon
21,836,Drink,"Drink,Cold",ICED MILO FLOAT
0,2509,Drink,"Drink,Cold",ICED MILO FLOAT
122,545,Drink,"Drink,Cold",Ice Milo Dinosaur
2,1091,Drink,"Drink,Cold",Ice Milo Dinosaur
0,1636,Drink,"Drink,Cold",Ice Milo Dinosaur
164,473,Drink,"Drink,Cold",Iced Coffee-Tea
4,944,Drink,"Drink,Cold",Iced Coffee-Tea
4,1418,Drink,"Drink,Cold",Iced Coffee-Tea
0,1891,Drink,"Drink,Cold",Iced Coffee-Tea
0,2364,Drink,"Drink,Cold",Iced Coffee-Tea
22,836,Drink,"Drink,Cold",Iced Coffee-Tea Float
0,2509,Drink,"Drink,Cold",Iced Coffee-Tea Float
68,0,Drink,"Drink,Cold",Iced Grass Jelly
89,352,Drink,"Drink,Cold",Iced Grass Jelly
1,703,Drink,"Drink,Cold",Iced Grass Jelly
0,1055,Drink,"Drink,Cold",Iced Grass Jelly
0,1757,Drink,"Drink,Cold",Iced Grass Jelly
37,594,Drink,"Drink,Cold",Iced Honey Green Tea
0,1188,Drink,"Drink,Cold",Iced Honey Green Tea
0,1782,Drink,"Drink,Cold",Iced Honey Green Tea
110,0,Drink,"Drink,Cold",Iced Lemon Tea
21,121,Drink,"Drink,Cold",Iced Lemon Tea
1,242,Drink,"Drink,Cold",Iced Lemon Tea
0,364,Drink,"Drink,Cold",Iced Lemon Tea
86,594,Drink,"Drink,Cold",Iced Lemon Tea
2,1188,Drink,"Drink,Cold",Iced Lemon Tea
1,1782,Drink,"Drink,Cold",Iced Lemon Tea
224,667,Drink,"Drink,Cold",Iced Lychee Tea
5,1333,Drink,"Drink,Cold",Iced Lychee Tea
1,2000,Drink,"Drink,Cold",Iced Lychee Tea
0,3333,Drink,"Drink,Cold",Iced Lychee Tea
270,473,Drink,"Drink,Cold",Iced Milk Tea
1,545,Drink,"Drink,Cold",Iced Milk Tea
15,944,Drink,"Drink,Cold",Iced Milk Tea
1,1091,Drink,"Drink,Cold",Iced Milk Tea
8,1418,Drink,"Drink,Cold",Iced Milk Tea
1,1891,Drink,"Drink,Cold",Iced Milk Tea
0,2364,Drink,"Drink,Cold",Iced Milk Tea
0,2836,Drink,"Drink,Cold",Iced Milk Tea
0,3309,Drink,"Drink,Cold",Iced Milk Tea
18,836,Drink,"Drink,Cold",Iced Milk Tea Float
0,2509,Drink,"Drink,Cold",Iced Milk Tea Float
36,667,Drink,"Drink,Cold",Iced Peach Tea
1,1333,Drink,"Drink,Cold",Iced Peach Tea
0,2000,Drink,"Drink,Cold",Iced Peach Tea
0,2667,Drink,"Drink,Cold",Iced Peach Tea
69,473,Drink,"Drink,Cold",Iced Soy Milk
1,944,Drink,"Drink,Cold",Iced Soy Milk
1,1418,Drink,"Drink,Cold",Iced Soy Milk
49,667,Drink,"Drink,Cold",Iced Yuzu Tea
0,1333,Drink,"Drink,Cold",Iced Yuzu Tea
18,352,Side,"Bread,Sweet",Kaya Butter Bread
22,424,Side,"Bread,Savoury",Kaya Butter Bread + Kopi
0,848,Side,"Bread,Savoury",Kaya Butter Bread + Kopi
0,1273,Side,"Bread,Savoury",Kaya Butter Bread + Kopi
67,206,Drink,"Drink,Hot",Kopi
1,412,Drink,"Drink,Hot",Kopi
1,618,Drink,"Drink,Hot",Kopi
25,473,Side,"Bread,Savoury",L.Meat'N'Egg S'wich
1,1418,Side,"Bread,Savoury",L.Meat'N'Egg S'wich
20,473,Drink,"Drink,Hot",LEMON COKE
0,944,Drink,"Drink,Hot",LEMON COKE
0,1418,Drink,"Drink,Hot",LEMON COKE
18,242,Side,"Addons,Pork",LUNCHEON MEAT (2pcs)
0,484,Side,"Addons,Pork",LUNCHEON MEAT (2pcs)
0,727,Side,"Addons,Pork",LUNCHEON MEAT (2pcs)
17,594,Drink,"Drink,Cold",Lime Juice
0,1188,Drink,"Drink,Cold",Lime Juice
31,594,Side,"Fingerfood,Pork",Luncheon Meat Fries
0,1188,Side,"Fingerfood,Pork",Luncheon Meat Fries
24,1273,Main,"Spaghetti,Pork",Luncheon Mushrm Cream Spag
0,2545,Main,"Spaghetti,Pork",Luncheon Mushrm Cream Spag
18,473,Side,"Bread,Savoury",Luncheon N Egg Sandwich
1,944,Side,"Bread,Savoury",Luncheon N Egg Sandwich
79,1067,Main,"Noodlesoup,Pork",LuncheonMeatSoup Ndl
1,2133,Main,"Noodlesoup,Pork",LuncheonMeatSoup Ndl
1,3200,Main,"Noodlesoup,Pork",LuncheonMeatSoup Ndl
51,715,Drink,"Drink,Cold",Lychee Ice-blended
0,1430,Drink,"Drink,Cold",Lychee Ice-blended
0,2145,Drink,"Drink,Cold",Lychee Ice-blended
88,836,Dessert,"Dessert,Cold",Mango Pomelo
2,1673,Dessert,"Dessert,Cold",Mango Pomelo
2,2509,Dessert,"Dessert,Cold",Mango Pomelo
29,909,Dessert,"Dessert,Cold",Mango SnowIce
1,2727,Dessert,"Dessert,Cold",Mango SnowIce
129,424,Drink,"Drink,Hot",Milk Tea
4,848,Drink,"Drink,Hot",Milk Tea
3,1273,Drink,"Drink,Hot",Milk Tea
0,1697,Drink,"Drink,Hot",Milk Tea
60,229,Drink,"Drink,Hot",Milo
1,461,Drink,"Drink,Hot",Milo
0,691,Drink,"Drink,Hot",Milo
82,1151,Side,"Vegetable,Seafood",Minced Kai Lan W Silver Fish
0,2303,Side,"Vegetable,Seafood",Minced Kai Lan W Silver Fish
0,3454,Side,"Vegetable,Seafood",Minced Kai Lan W Silver Fish
31,1394,Main,"Baked Rice,Vegetarian",Mush Bk Rice
1,2788,Main,"Baked Rice,Vegetarian",Mush Bk Rice
0,4182,Main,"Baked Rice,Vegetarian",Mush Bk Rice
29,1200,Main,"Spaghetti,Vegetarian",Mushroom Cream Spag
0,2400,Main,"Spaghetti,Vegetarian",Mushroom Cream Spag
85,788,Side,"Dimsum,Pork",Pan Fried Dumpling
0,1576,Side,"Dimsum,Pork",Pan Fried Dumpling
0,2364,Side,"Dimsum,Pork",Pan Fried Dumpling
26,1030,Side,"Vegetable,Vegetarian",Paoched Lettuce
0,5151,Side,"Vegetable,Vegetarian",Paoched Lettuce
26,715,Drink,"Drink,Cold",Peach Ice-blended
0,1430,Drink,"Drink,Cold",Peach Ice-blended
9,594,Side,"Bread,Sweet",Peanut Butter Milk Thick Toast
178,1394,Main,"Noodle,Pork",Pork Chop Bee Hoon
3,2788,Main,"Noodle,Pork",Pork Chop Bee Hoon
3,4182,Main,"Noodle,Pork",Pork Chop Bee Hoon
0,5576,Main,"Noodle,Pork",Pork Chop Bee Hoon
0,6970,Main,"Noodle,Pork",Pork Chop Bee Hoon
0,8363,Main,"Noodle,Pork",Pork Chop Bee Hoon
86,1515,Main,"Bakedrice,Pork",Pork Chop Bk Rice
0,4545,Main,"Bakedrice,Pork",Pork Chop Bk Rice
19,1394,Main,"Rice,Pork",Pork Chop Frag Rice
18,1394,Main,"Noodle,Pork",Pork Chop Noodle
0,2788,Main,"Noodle,Pork",Pork Chop Noodle
0,4182,Main,"Noodle,Pork",Pork Chop Noodle
0,5576,Main,"Noodle,Pork",Pork Chop Noodle
22,1030,Main,"Porridge,Pork",Pork N Century Egg Congee
0,2061,Main,"Porridge,Pork",Pork N Century Egg Congee
76,1394,Main,"Noodle,Pork",Pork Ribs BH
1,2788,Main,"Noodle,Pork",Pork Ribs BH
0,4182,Main,"Noodle,Pork",Pork Ribs BH
12,1030,Main,"Porridge,Pork",Pork n Century Egg Congee
0,3091,Main,"Porridge,Pork",Pork n Century Egg Congee
47,836,Side,"Fingerfood,Chicken",Prawn Paste Chicken
0,1673,Side,"Fingerfood,Chicken",Prawn Paste Chicken
20,1067,Main,"Rice,Chicken",Pumpkin Chix Chop Rice
0,2133,Main,"Rice,Chicken",Pumpkin Chix Chop Rice
0,3200,Main,"Rice,Chicken",Pumpkin Chix Chop Rice
65,594,Drink,"Drink,Cold",RAINBOW SPRITE
1,1188,Drink,"Drink,Cold",RAINBOW SPRITE
83,594,Side,"Dimsum,Pork",Radish Cake
1,1188,Side,"Dimsum,Pork",Radish Cake
12,909,Dessert,"Dessert,Cold",Red Bean Snow
0,2727,Dessert,"Dessert,Cold",Red Bean Snow
51,1757,Main,"Spaghetti,Seafood",SCALLOP CREAM SAUCE SPAGHETTI
0,5273,Main,"Spaghetti,Seafood",SCALLOP CREAM SAUCE SPAGHETTI
42,1394,Main,"Rice,Pork",SH Pork Chop Rice
0,2788,Main,"Rice,Pork",SH Pork Chop Rice
0,4182,Main,"Rice,Pork",SH Pork Chop Rice
21,1515,Main,"Noodle,Duck",SMOKED DUCK DRY CURRY RAMEN
20,594,Drink,"Drink,Cold",SOUR PLUM COKE
1,1188,Drink,"Drink,Cold",SOUR PLUM COKE
18,667,Dessert,"Dessert,Cold",SOY MILK WITH GLUTINOUS BALL
0,1333,Dessert,"Dessert,Cold",SOY MILK WITH GLUTINOUS BALL
0,2000,Dessert,"Dessert,Cold",SOY MILK WITH GLUTINOUS BALL
88,1273,Main,"Noodle,Pork,Seafood",SPECIAL STIR FRIED BEE HOON
0,2545,Main,"Noodle,Pork,Seafood",SPECIAL STIR FRIED BEE HOON
1,3818,Main,"Noodle,Pork,Seafood",SPECIAL STIR FRIED BEE HOON
93,594,Side,"Dimsum,Pork",SPRING ROLL
1,1188,Side,"Dimsum,Pork",SPRING ROLL
0,1782,Side,"Dimsum,Pork",SPRING ROLL
60,1273,Main,"Friedrice,Seafood",Sambal Seafood Fried Rice
0,2545,Main,"Friedrice,Seafood",Sambal Seafood Fried Rice
1,3818,Main,"Friedrice,Seafood",Sambal Seafood Fried Rice
0,6364,Main,"Friedrice,Seafood",Sambal Seafood Fried Rice
29,1151,Main,"Porridge,Seafood",Sampan Congee
0,3454,Main,"Porridge,Seafood",Sampan Congee
14,1321,Main,"Noodle,Seafood",Seafood Ee Noodle
0,2642,Main,"Noodle,Seafood",Seafood Ee Noodle
20,1273,Main,"Noodle,Seafood",Seafood Egg Hor Fun
0,2545,Main,"Noodle,Seafood",Seafood Egg Hor Fun
34,1273,Main,"Rice,Seafood",Seafood Muifan
1,3818,Main,"Rice,Seafood",Seafood Muifan
56,1273,Main,"Noodle,Seafood",Seafood Sauteed HF
0,2545,Main,"Noodle,Seafood",Seafood Sauteed HF
1,3818,Main,"Noodle,Seafood",Seafood Sauteed HF
17,1030,Main,"Soup,Seafood,Pork",Seafood and Slice Pork Macaroni Soup
0,2061,Main,"Soup,Seafood,Pork",Seafood and Slice Pork Macaroni Soup
0,3091,Main,"Soup,Seafood,Pork",Seafood and Slice Pork Macaroni Soup
51,667,Dessert,"Dessert,Cold",Sesame Cream Glutinous Ball
1,1333,Dessert,"Dessert,Cold",Sesame Cream Glutinous Ball
1,2000,Dessert,"Dessert,Cold",Sesame Cream Glutinous Ball
138,545,Side,"Dimsum,Seafood,Pork",Siew Mai
1,1091,Side,"Dimsum,Seafood,Pork",Siew Mai
1,1636,Side,"Dimsum,Seafood,Pork",Siew Mai
160,1394,Main,"Noodle,Pork",Signature Fried Noodles
1,2788,Main,"Noodle,Pork",Signature Fried Noodles
2,4182,Main,"Noodle,Pork",Signature Fried Noodles
0,5576,Main,"Noodle,Pork",Signature Fried Noodles
0,6970,Main,"Noodle,Pork",Signature Fried Noodles
1,1515,Main,Fried Rice,Signature Fried Rice
229,1394,Main,"Friedrice,Pork,Seafood,Chicken",Signature Fried Rice
3,2788,Main,"Friedrice,Pork,Seafood,Chicken",Signature Fried Rice
5,4182,Main,"Friedrice,Pork,Seafood,Chicken",Signature Fried Rice
0,5576,Main,"Friedrice,Pork,Seafood,Chicken",Signature Fried Rice
89,1200,Main,"Porridge,Seafood",Sliced Empress Congee
1,2400,Main,"Porridge,Seafood",Sliced Empress Congee
0,3600,Main,"Porridge,Seafood",Sliced Empress Congee
16,1273,Main,"Noodle,Fish",Sliced Fish Egg Hor Fun
0,3818,Main,"Noodle,Fish",Sliced Fish Egg Hor Fun
8,352,Side,Bread,Soft Boiled Eggs
0,1757,Side,Bread,Soft Boiled Eggs
24,836,Side,Soup,Soup Of The Day
0,1673,Side,Soup,Soup Of The Day
1,2509,Side,Soup,Soup Of The Day
182,0,Soup,Soup,Soup of the Day
21,1030,Main,"Porridge,Pork",Spicy Pork Por
0,3091,Main,"Porridge,Pork",Spicy Pork Por
53,242,Side,"Fingerfood,Vegetarian",Spicy Sour Fries
0,727,Side,"Fingerfood,Vegetarian",Spicy Sour Fries
0,1212,Side,"Fingerfood,Vegetarian",Spicy Sour Fries
19,352,Drink,"Drink,Cold",Sprite
31,944,Main,"Noodlesoup,Pork",Spy P.Dices Soup Ndl
0,2836,Main,"Noodlesoup,Pork",Spy P.Dices Soup Ndl
22,594,Side,"Dimsum,Pork",Steam Pork Spare Ribs
0,1782,Side,"Dimsum,Pork",Steam Pork Spare Ribs
69,206,Drink,"Drink,Hot",Teh
0,412,Drink,"Drink,Hot",Teh
0,618,Drink,"Drink,Hot",Teh
0,824,Drink,"Drink,Hot",Teh
20,1030,Main,"Noodle,Vegetarian",VEGETARIAN HOR FUN
0,2061,Main,"Noodle,Vegetarian",VEGETARIAN HOR FUN
0,3091,Main,"Noodle,Vegetarian",VEGETARIAN HOR FUN
17,1151,Main,"Noodle,Vegetarian",VEGETARIAN RAMEN
0,2303,Main,"Noodle,Vegetarian",VEGETARIAN RAMEN
1,3454,Main,"Noodle,Vegetarian",VEGETARIAN RAMEN
22,182,Side,"Addons,Vegetarian",WHITE RICE
1,364,Side,"Addons,Vegetarian",WHITE RICE
29,715,Side,"Soup,Pork,Seafood",Wanton Soup
52,1079,Main,"Noodle,Pork,Seafood",Wanton Soup Noodle
0,3236,Main,"Noodle,Pork,Seafood",Wanton Soup Noodle
153,73,Drink,"Drink,Hot",Warm Water
4,145,Drink,"Drink,Hot",Warm Water
1,218,Drink,"Drink,Hot",Warm Water
15,788,Dessert,"Dessert,Cold",Watermelon 'N' Jelly
0,2364,Dessert,"Dessert,Cold",Watermelon 'N' Jelly
30,715,Drink,"Drink,Cold",Watermelon Ice
0,1430,Drink,"Drink,Cold",Watermelon Ice
0,2145,Drink,"Drink,Cold",Watermelon Ice
19,715,Drink,"Drink,Cold",Watermelon Ice-Blended
0,1430,Drink,"Drink,Cold",Watermelon Ice-Blended
0,2145,Drink,"Drink,Cold",Watermelon Ice-Blended
126,1394,Main,"Rice,Chicken",Yao Ma Tei Chix Rice
1,2788,Main,"Rice,Chicken",Yao Ma Tei Chix Rice
2,4182,Main,"Rice,Chicken",Yao Ma Tei Chix Rice
0,6970,Main,"Rice,Chicken",Yao Ma Tei Chix Rice
110,388,Drink,"Drink,Hot",Yuzu Tea
2,776,Drink,"Drink,Hot",Yuzu Tea
15,667,Dessert,"Dessert,Cold",AlmondCream Glutinous Ball
1,1333,Dessert,"Dessert,Cold",AlmondCream Glutinous Ball
0,2000,Dessert,"Dessert,Cold",AlmondCream Glutinous Ball
0,2667,Dessert,"Dessert,Cold",AlmondCream Glutinous Ball
48,1515,Main,"Baked Rice,Beef",BAKED RICE CURRY SLICED BEEF
0,3030,Main,"Baked Rice,Beef",BAKED RICE CURRY SLICED BEEF
52,1515,Main,"BakedRice,Seafood",BAKED RICE EBI
0,3030,Main,"BakedRice,Seafood",BAKED RICE EBI
44,545,Side,"Dimsum,Pork",BBQ Pork Bun
0,1091,Side,"Dimsum,Pork",BBQ Pork Bun
0,1636,Side,"Dimsum,Pork",BBQ Pork Bun
21,1515,Main,"Bakedrice,Beef",BP Beef Bk Rice
21,1273,Main,"Western,Chicken",BP Chicken Chop
1,2545,Main,"Western,Chicken",BP Chicken Chop
0,3818,Main,"Western,Chicken",BP Chicken Chop
31,1273,Main,"Spaghetti,Chicken",BP Chicken Chop Spag
0,3818,Main,"Spaghetti,Chicken",BP Chicken Chop Spag
44,1273,Main,"Western,Chicken",BP Chix Chop & Fries
0,2545,Main,"Western,Chicken",BP Chix Chop & Fries
0,3818,Main,"Western,Chicken",BP Chix Chop & Fries
0,6364,Main,"Western,Chicken",BP Chix Chop & Fries
68,1273,Main,"Spaghetti,Chicken",BP Chix Spag
0,2545,Main,"Spaghetti,Chicken",BP Chix Spag
0,3818,Main,"Spaghetti,Chicken",BP Chix Spag
26,1515,Main,"Spaghetti,Pork",Baked Pork Chop Cream Spag
0,3030,Main,"Spaghetti,Pork",Baked Pork Chop Cream Spag
0,4545,Main,"Spaghetti,Pork",Baked Pork Chop Cream Spag
70,667,Side,"Dimsum,Pork",Beancurd Skin Prawn Roll
1,1333,Side,"Dimsum,Pork",Beancurd Skin Prawn Roll
0,2000,Side,"Dimsum,Pork",Beancurd Skin Prawn Roll
0,4000,Side,"Dimsum,Pork",Beancurd Skin Prawn Roll
0,4667,Side,"Dimsum,Pork",Beancurd Skin Prawn Roll
8,473,Dessert,"Dessert,Cold",Beancurd w Mango
0,944,Dessert,"Dessert,Cold",Beancurd w Mango
25,1151,Side,"Vegetable,Seafood",Belacan 4 S.Bean
0,3454,Side,"Vegetable,Seafood",Belacan 4 S.Bean
0,5757,Side,"Vegetable,Seafood",Belacan 4 S.Bean
11,352,Side,Bread,Bo Lo Bun
0,703,Side,Bread,Bo Lo Bun
19,594,Side,"Soup,Beef",Borsch Soup
0,1188,Side,"Soup,Beef",Borsch Soup
69,1188,Main,"Noodlesoup,Beef",Braised Beef Brisket Soup Noodles
0,2376,Main,"Noodlesoup,Beef",Braised Beef Brisket Soup Noodles
1,3564,Main,"Noodlesoup,Beef",Braised Beef Brisket Soup Noodles
21,1200,Main,"Noodle,Beef",Braised Beef brisket Noodles
33,1200,Main,"Noodle,Chicken",CHICKEN CHOP EGG DRY NOODLE
0,3600,Main,"Noodle,Chicken",CHICKEN CHOP EGG DRY NOODLE
19,836,Drink,"Drink,Cold",COKE FLOAT
0,4182,Drink,"Drink,Cold",COKE FLOAT
76,1636,Main,"Noodle,Seafood",CRISPY PRAWN NOODLE
0,3272,Main,"Noodle,Seafood",CRISPY PRAWN NOODLE
1,4909,Main,"Noodle,Seafood",CRISPY PRAWN NOODLE
0,9818,Main,"Noodle,Seafood",CRISPY PRAWN NOODLE
35,1394,Main,"Rice,Beef",CURRY BEEF BRISKET HOT POT WITH RICE
0,4182,Main,"Rice,Beef",CURRY BEEF BRISKET HOT POT WITH RICE
0,5576,Main,"Rice,Beef",CURRY BEEF BRISKET HOT POT WITH RICE
56,1030,Main,"Porridge,Pork",Cent Egg Pork Por
0,2061,Main,"Porridge,Pork",Cent Egg Pork Por
0,3091,Main,"Porridge,Pork",Cent Egg Pork Por
234,1442,Main,"Spaghetti,Chicken",Chicken Chop Cream Spag
4,2885,Main,"Spaghetti,Chicken",Chicken Chop Cream Spag
3,4327,Main,"Spaghetti,Chicken",Chicken Chop Cream Spag
0,5770,Main,"Spaghetti,Chicken",Chicken Chop Cream Spag
0,7212,Main,"Spaghetti,Chicken",Chicken Chop Cream Spag
104,1394,Main,"Noodle,Chicken",Chicken Dry Curry Ramen
1,2788,Main,"Noodle,Chicken",Chicken Dry Curry Ramen
1,4182,Main,"Noodle,Chicken",Chicken Dry Curry Ramen
0,6970,Main,"Noodle,Chicken",Chicken Dry Curry Ramen
25,594,Side,"Dimsum,Chicken",Chicken Feet
0,1188,Side,"Dimsum,Chicken",Chicken Feet
92,1273,Main,"Friedrice,Chicken",Chicken Flos Fried Rice
1,2545,Main,"Friedrice,Chicken",Chicken Flos Fried Rice
0,3818,Main,"Friedrice,Chicken",Chicken Flos Fried Rice
22,1273,Main,"Friedrice,Chicken",Chicken Floss Egg Fried Rice
0,2545,Main,"Friedrice,Chicken",Chicken Floss Egg Fried Rice
0,5091,Main,"Friedrice,Chicken",Chicken Floss Egg Fried Rice
42,1273,Main,"Friedrice,Chicken",Chicken Floss N Egg Fried Rice
0,2545,Main,"Friedrice,Chicken",Chicken Floss N Egg Fried Rice
0,3818,Main,"Friedrice,Chicken",Chicken Floss N Egg Fried Rice
25,1321,Main,"Rice,Chicken",Chicken Hot Pot Rice
35,1394,Side,"Dimsum,Chicken",Chicken In A Basket(3PCS)
0,4182,Side,"Dimsum,Chicken",Chicken In A Basket(3PCS)
21,2121,Side,"Dimsum,Chicken",Chicken In A Basket(5PCS)
20,909,Main,"Soup,Chicken",Chicken Macaroni Soup
0,1818,Main,"Soup,Chicken",Chicken Macaroni Soup
48,1394,Main,"Noodlesoup,Chicken",Chicken Papaya Soup Beehoon
0,2788,Main,"Noodlesoup,Chicken",Chicken Papaya Soup Beehoon
1,4182,Main,"Noodlesoup,Chicken",Chicken Papaya Soup Beehoon
0,5576,Main,"Noodlesoup,Chicken",Chicken Papaya Soup Beehoon
16,715,Side,"Fingerfood,Chicken",Chicken with Seaweed
0,1430,Side,"Fingerfood,Chicken",Chicken with Seaweed
0,2145,Side,"Fingerfood,Chicken",Chicken with Seaweed
50,206,Drink,"Drink,Hot",Chinese Tea
1,412,Drink,"Drink,Hot",Chinese Tea
0,1030,Drink,"Drink,Hot",Chinese Tea
102,1515,Main,"Bakedrice,Chicken",Chix Chop Bk Rice
1,3030,Main,"Bakedrice,Chicken",Chix Chop Bk Rice
1,4545,Main,"Bakedrice,Chicken",Chix Chop Bk Rice
50,594,Side,"Dimsum,Chicken",Chix Feet
0,1188,Side,"Dimsum,Chicken",Chix Feet
9,594,Side,"Fingerfood,Chicken",Chix Wing BP
12,594,Side,"Fingerfood,Chicken",Chix Wing Home-made Sour 'N' Spicy Powde
0,1188,Side,"Fingerfood,Chicken",Chix Wing Home-made Sour 'N' Spicy Powde
50,594,Side,"Fingerfood,Chicken",Chix Wing Honey Sweet Sauce
0,1188,Side,"Fingerfood,Chicken",Chix Wing Honey Sweet Sauce
0,2376,Side,"Fingerfood,Chicken",Chix Wing Honey Sweet Sauce
31,594,Side,"Fingerfood,Chicken",Chix Wing Japanese Sesame Sauce
0,1188,Side,"Fingerfood,Chicken",Chix Wing Japanese Sesame Sauce
16,594,Side,"Fingerfood,Chicken",Chix Wing Nachos Cheese
40,1442,Main,"Spaghetti,Chicken",Chs Bk Pork Chop Spag
0,2885,Main,"Spaghetti,Chicken",Chs Bk Pork Chop Spag
1,4327,Main,"Spaghetti,Chicken",Chs Bk Pork Chop Spag
0,7212,Main,"Spaghetti,Chicken",Chs Bk Pork Chop Spag
29,1200,Main,"Noodle,Pork",Chye Poh N Floss Dry Noodles
0,3600,Main,"Noodle,Pork",Chye Poh N Floss Dry Noodles
21,836,Dessert,"Dessert,Cold",Coffee-Tea Snow Ice
0,1673,Dessert,"Dessert,Cold",Coffee-Tea Snow Ice
1,2509,Dessert,"Dessert,Cold",Coffee-Tea Snow Ice
30,352,Drink,"Drink,Cold",Coke
1,703,Drink,"Drink,Cold",Coke
3,121,Drink,"Drink,Cold",Coke Float (Promo)
0,242,Drink,"Drink,Cold",Coke Float (Promo)
88,73,Drink,"Drink,Cold",Cold / Iced Water
3,145,Drink,"Drink,Cold",Cold / Iced Water
1,218,Drink,"Drink,Cold",Cold / Iced Water
11,594,Side,"Bread,Sweet",Condensed & Peanut TT
0,545,Side,"Dimsum,Chicken",Custard Bun
48,594,Side,"Dimsum,Chicken",Custard Bun
2,1188,Side,"Dimsum,Chicken",Custard Bun
11,0,Side,"Fingerfood,Seafood",Deep Fried Prawn (3pcs)
34,1151,Side,"Fingerfood,Seafood",Deep-fried Prawns with Mango sauce
0,2303,Side,"Fingerfood,Seafood",Deep-fried Prawns with Mango sauce
43,1273,Main,"Friedrice,Pork",Diced Pork Fried Rice
0,3818,Main,"Friedrice,Pork",Diced Pork Fried Rice
6,473,Side,"Bread,Savoury",Egg & Ham Sandwich
54,1394,Main,"Noodle,Chicken",F'mented Pork Dry Curry Ramen
0,2788,Main,"Noodle,Chicken",F'mented Pork Dry Curry Ramen
18,594,Side,"Fingerfood,Vegetarian",F.Fries Curry Mayo
0,1188,Side,"Fingerfood,Vegetarian",F.Fries Curry Mayo
0,1782,Side,"Fingerfood,Vegetarian",F.Fries Curry Mayo
11,788,Side,"Bread,Savoury",F.Toast Chicken Floss
0,2364,Side,"Bread,Savoury",F.Toast Chicken Floss
37,788,Side,"Bread,Sweet",F.Toast Ice Cream
1,1576,Side,"Bread,Sweet",F.Toast Ice Cream
1,2364,Side,"Bread,Sweet",F.Toast Ice Cream
14,1273,Main,"Noodle,Pork",Fermented Pork Dry Noodle
0,3818,Main,"Noodle,Pork",Fermented Pork Dry Noodle
99,1394,Main,"Western,Fish",Fish & Chips
1,2788,Main,"Western,Fish",Fish & Chips
1,4182,Main,"Western,Fish",Fish & Chips
69,1394,Main,"Bakedrice,Fish",Fish Bk Rice
0,2788,Main,"Bakedrice,Fish",Fish Bk Rice
0,4182,Main,"Bakedrice,Fish",Fish Bk Rice
44,1273,Main,"Noodle,Fish",Fish Egg Sauteed HF
0,2545,Main,"Noodle,Fish",Fish Egg Sauteed HF
0,3818,Main,"Noodle,Fish",Fish Egg Sauteed HF
31,1273,Main,"Spaghetti,Fish",Fish Fillet Spag
0,6364,Main,"Spaghetti,Fish",Fish Fillet Spag
69,1394,Main,"Noodlesoup,Fish",Fish Papaya Soup Beehoon
1,2788,Main,"Noodlesoup,Fish",Fish Papaya Soup Beehoon
0,4182,Main,"Noodlesoup,Fish",Fish Papaya Soup Beehoon
58,1273,Main,"Rice,Fish",Fish Slice Muifan
0,2545,Main,"Rice,Fish",Fish Slice Muifan
0,3818,Main,"Rice,Fish",Fish Slice Muifan
72,1030,Main,"Porridge,Fish",Fish Slice Por
0,2061,Main,"Porridge,Fish",Fish Slice Por
29,594,Side,"Bread,Sweet",French Toast
0,2376,Side,"Bread,Sweet",French Toast
41,594,Drink,"Drink,Cold",Fresh  Lime Juice
1,1188,Drink,"Drink,Cold",Fresh  Lime Juice
0,1782,Drink,"Drink,Cold",Fresh  Lime Juice
78,352,Drink,"Drink,Hot",Fresh Soy Milk
2,703,Drink,"Drink,Hot",Fresh Soy Milk
1,1055,Drink,"Drink,Hot",Fresh Soy Milk
34,1394,Main,"Noodle,Pork",Fried Spare Ribs Bee Hoon
0,0,Side,"Fingerfood,Seafood",Fried Wanton 3pcs
81,958,Dessert,"Dessert,Cold",Fruit Jelly Pudding
7,1914,Dessert,"Dessert,Cold",Fruit Jelly Pudding
3,2873,Dessert,"Dessert,Cold",Fruit Jelly Pudding
0,4788,Dessert,"Dessert,Cold",Fruit Jelly Pudding
12,594,Side,"Fingerfood,Chicken",HAM BO LO BUN
33,715,Side,"Fingerfood,Chicken",HONEY CHICKEN WING (5pcs)
0,1430,Side,"Fingerfood,Chicken",HONEY CHICKEN WING (5pcs)
0,2145,Side,"Fingerfood,Chicken",HONEY CHICKEN WING (5pcs)
108,944,Main,"Noodlesoup,Pork",Ham & Egg Soup Ndl
1,1891,Main,"Noodlesoup,Pork",Ham & Egg Soup Ndl
1,2836,Main,"Noodlesoup,Pork",Ham & Egg Soup Ndl
0,3782,Main,"Noodlesoup,Pork",Ham & Egg Soup Ndl
14,836,Side,"Bread,Pork",Ham Egg Toast N French Fries
98,594,Side,"Dimsum,Seafood",Har Gao
2,1188,Side,"Dimsum,Seafood",Har Gao
0,1782,Side,"Dimsum,Seafood",Har Gao
0,2970,Side,"Dimsum,Seafood",Har Gao
8,352,Dessert,"Dessert,Cold",Home-Made Cold Beancurd
0,703,Dessert,"Dessert,Cold",Home-Made Cold Beancurd
57,958,Dessert,"Dessert,Cold",Homemade Cold Beancurd
3,1914,Dessert,"Dessert,Cold",Homemade Cold Beancurd
0,2873,Dessert,"Dessert,Cold",Homemade Cold Beancurd
0,3829,Dessert,"Dessert,Cold",Homemade Cold Beancurd
0,5745,Dessert,"Dessert,Cold",Homemade Cold Beancurd
93,424,Drink,"Drink,Hot",Hot Coffee-Tea
3,848,Drink,"Drink,Hot",Hot Coffee-Tea
1,1273,Drink,"Drink,Hot",Hot Coffee-Tea
0,1697,Drink,"Drink,Hot",Hot Coffee-Tea
26,473,Drink,"Drink,Hot",Hot Honey Green Tea
1,944,Drink,"Drink,Hot",Hot Honey Green Tea
108,473,Drink,"Drink,Hot",Hot Honey with Lemon
5,944,Drink,"Drink,Hot",Hot Honey with Lemon
2,1418,Drink,"Drink,Hot",Hot Honey with Lemon
0,2364,Drink,"Drink,Hot",Hot Honey with Lemon
20,836,Drink,"Drink,Cold",ICED MILO FLOAT
1,1673,Drink,"Drink,Cold",ICED MILO FLOAT
130,545,Drink,"Drink,Cold",Ice Milo Dinosaur
5,1091,Drink,"Drink,Cold",Ice Milo Dinosaur
1,1636,Drink,"Drink,Cold",Ice Milo Dinosaur
0,6000,Drink,"Drink,Cold",Ice Milo Dinosaur
124,473,Drink,"Drink,Cold",Iced Coffee-Tea
8,944,Drink,"Drink,Cold",Iced Coffee-Tea
3,1418,Drink,"Drink,Cold",Iced Coffee-Tea
0,2364,Drink,"Drink,Cold",Iced Coffee-Tea
21,836,Drink,"Drink,Cold",Iced Coffee-Tea Float
55,0,Drink,"Drink,Cold",Iced Grass Jelly
69,352,Drink,"Drink,Cold",Iced Grass Jelly
2,703,Drink,"Drink,Cold",Iced Grass Jelly
0,1055,Drink,"Drink,Cold",Iced Grass Jelly
0,1406,Drink,"Drink,Cold",Iced Grass Jelly
38,594,Drink,"Drink,Cold",Iced Honey Green Tea
1,1188,Drink,"Drink,Cold",Iced Honey Green Tea
0,1782,Drink,"Drink,Cold",Iced Honey Green Tea
84,0,Drink,"Drink,Cold",Iced Lemon Tea
5,121,Drink,"Drink,Cold",Iced Lemon Tea
0,364,Drink,"Drink,Cold",Iced Lemon Tea
87,594,Drink,"Drink,Cold",Iced Lemon Tea
3,1188,Drink,"Drink,Cold",Iced Lemon Tea
1,1782,Drink,"Drink,Cold",Iced Lemon Tea
178,667,Drink,"Drink,Cold",Iced Lychee Tea
8,1333,Drink,"Drink,Cold",Iced Lychee Tea
1,2000,Drink,"Drink,Cold",Iced Lychee Tea
1,2667,Drink,"Drink,Cold",Iced Lychee Tea
226,473,Drink,"Drink,Cold",Iced Milk Tea
15,944,Drink,"Drink,Cold",Iced Milk Tea
6,1418,Drink,"Drink,Cold",Iced Milk Tea
1,1891,Drink,"Drink,Cold",Iced Milk Tea
0,2364,Drink,"Drink,Cold",Iced Milk Tea
0,2836,Drink,"Drink,Cold",Iced Milk Tea
0,4254,Drink,"Drink,Cold",Iced Milk Tea
18,836,Drink,"Drink,Cold",Iced Milk Tea Float
0,1673,Drink,"Drink,Cold",Iced Milk Tea Float
38,667,Drink,"Drink,Cold",Iced Peach Tea
1,1333,Drink,"Drink,Cold",Iced Peach Tea
0,2000,Drink,"Drink,Cold",Iced Peach Tea
68,473,Drink,"Drink,Cold",Iced Soy Milk
2,944,Drink,"Drink,Cold",Iced Soy Milk
1,1418,Drink,"Drink,Cold",Iced Soy Milk
43,667,Drink,"Drink,Cold",Iced Yuzu Tea
0,2000,Drink,"Drink,Cold",Iced Yuzu Tea
8,352,Side,"Bread,Sweet",Kaya Butter Bread
0,703,Side,"Bread,Sweet",Kaya Butter Bread
12,424,Side,"Bread,Savoury",Kaya Butter Bread + Kopi
0,848,Side,"Bread,Savoury",Kaya Butter Bread + Kopi
0,1273,Side,"Bread,Savoury",Kaya Butter Bread + Kopi
65,206,Drink,"Drink,Hot",Kopi
2,412,Drink,"Drink,Hot",Kopi
0,618,Drink,"Drink,Hot",Kopi
13,473,Side,"Bread,Savoury",L.Meat'N'Egg S'wich
11,473,Drink,"Drink,Hot",LEMON COKE
0,944,Drink,"Drink,Hot",LEMON COKE
8,242,Side,"Addons,Pork",LUNCHEON MEAT (2pcs)
0,484,Side,"Addons,Pork",LUNCHEON MEAT (2pcs)
0,727,Side,"Addons,Pork",LUNCHEON MEAT (2pcs)
18,594,Drink,"Drink,Cold",Lime Juice
1,1188,Drink,"Drink,Cold",Lime Juice
0,1782,Drink,"Drink,Cold",Lime Juice
17,594,Side,"Fingerfood,Pork",Luncheon Meat Fries
0,1188,Side,"Fingerfood,Pork",Luncheon Meat Fries
0,1782,Side,"Fingerfood,Pork",Luncheon Meat Fries
26,1273,Main,"Spaghetti,Pork",Luncheon Mushrm Cream Spag
0,2545,Main,"Spaghetti,Pork",Luncheon Mushrm Cream Spag
0,3818,Main,"Spaghetti,Pork",Luncheon Mushrm Cream Spag
13,473,Side,"Bread,Savoury",Luncheon N Egg Sandwich
0,944,Side,"Bread,Savoury",Luncheon N Egg Sandwich
80,1067,Main,"Noodlesoup,Pork",LuncheonMeatSoup Ndl
1,2133,Main,"Noodlesoup,Pork",LuncheonMeatSoup Ndl
0,3200,Main,"Noodlesoup,Pork",LuncheonMeatSoup Ndl
52,715,Drink,"Drink,Cold",Lychee Ice-blended
1,1430,Drink,"Drink,Cold",Lychee Ice-blended
67,836,Dessert,"Dessert,Cold",Mango Pomelo
1,1673,Dessert,"Dessert,Cold",Mango Pomelo
1,2509,Dessert,"Dessert,Cold",Mango Pomelo
0,3345,Dessert,"Dessert,Cold",Mango Pomelo
0,4182,Dessert,"Dessert,Cold",Mango Pomelo
0,5018,Dessert,"Dessert,Cold",Mango Pomelo
31,909,Dessert,"Dessert,Cold",Mango SnowIce
1,2727,Dessert,"Dessert,Cold",Mango SnowIce
103,424,Drink,"Drink,Hot",Milk Tea
5,848,Drink,"Drink,Hot",Milk Tea
1,1273,Drink,"Drink,Hot",Milk Tea
1,2121,Drink,"Drink,Hot",Milk Tea
50,229,Drink,"Drink,Hot",Milo
2,461,Drink,"Drink,Hot",Milo
0,691,Drink,"Drink,Hot",Milo
0,1151,Drink,"Drink,Hot",Milo
49,1151,Side,"Vegetable,Seafood",Minced Kai Lan W Silver Fish
0,2303,Side,"Vegetable,Seafood",Minced Kai Lan W Silver Fish
1,3454,Side,"Vegetable,Seafood",Minced Kai Lan W Silver Fish
46,1394,Main,"Baked Rice,Vegetarian",Mush Bk Rice
1,2788,Main,"Baked Rice,Vegetarian",Mush Bk Rice
0,4182,Main,"Baked Rice,Vegetarian",Mush Bk Rice
39,1200,Main,"Spaghetti,Vegetarian",Mushroom Cream Spag
1,2400,Main,"Spaghetti,Vegetarian",Mushroom Cream Spag
68,788,Side,"Dimsum,Pork",Pan Fried Dumpling
0,1576,Side,"Dimsum,Pork",Pan Fried Dumpling
0,2364,Side,"Dimsum,Pork",Pan Fried Dumpling
19,1030,Side,"Vegetable,Vegetarian",Paoched Lettuce
32,715,Drink,"Drink,Cold",Peach Ice-blended
0,1430,Drink,"Drink,Cold",Peach Ice-blended
0,2145,Drink,"Drink,Cold",Peach Ice-blended
11,594,Side,"Bread,Sweet",Peanut Butter Milk Thick Toast
164,1394,Main,"Noodle,Pork",Pork Chop Bee Hoon
5,2788,Main,"Noodle,Pork",Pork Chop Bee Hoon
2,4182,Main,"Noodle,Pork",Pork Chop Bee Hoon
0,5576,Main,"Noodle,Pork",Pork Chop Bee Hoon
0,6970,Main,"Noodle,Pork",Pork Chop Bee Hoon
105,1515,Main,"Bakedrice,Pork",Pork Chop Bk Rice
0,3030,Main,"Bakedrice,Pork",Pork Chop Bk Rice
0,4545,Main,"Bakedrice,Pork",Pork Chop Bk Rice
28,1394,Main,"Rice,Pork",Pork Chop Frag Rice
0,4182,Main,"Rice,Pork",Pork Chop Frag Rice
18,1394,Main,"Noodle,Pork",Pork Chop Noodle
0,2788,Main,"Noodle,Pork",Pork Chop Noodle
1,4182,Main,"Noodle,Pork",Pork Chop Noodle
0,5576,Main,"Noodle,Pork",Pork Chop Noodle
29,1030,Main,"Porridge,Pork",Pork N Century Egg Congee
0,2061,Main,"Porridge,Pork",Pork N Century Egg Congee
0,3091,Main,"Porridge,Pork",Pork N Century Egg Congee
74,1394,Main,"Noodle,Pork",Pork Ribs BH
1,2788,Main,"Noodle,Pork",Pork Ribs BH
0,4182,Main,"Noodle,Pork",Pork Ribs BH
12,1030,Main,"Porridge,Pork",Pork n Century Egg Congee
0,3091,Main,"Porridge,Pork",Pork n Century Egg Congee
30,836,Side,"Fingerfood,Chicken",Prawn Paste Chicken
0,1673,Side,"Fingerfood,Chicken",Prawn Paste Chicken
0,2509,Side,"Fingerfood,Chicken",Prawn Paste Chicken
15,1067,Main,"Rice,Chicken",Pumpkin Chix Chop Rice
0,2133,Main,"Rice,Chicken",Pumpkin Chix Chop Rice
71,594,Drink,"Drink,Cold",RAINBOW SPRITE
1,1188,Drink,"Drink,Cold",RAINBOW SPRITE
1,1782,Drink,"Drink,Cold",RAINBOW SPRITE
0,2376,Drink,"Drink,Cold",RAINBOW SPRITE
56,594,Side,"Dimsum,Pork",Radish Cake
1,1188,Side,"Dimsum,Pork",Radish Cake
0,1782,Side,"Dimsum,Pork",Radish Cake
0,2970,Side,"Dimsum,Pork",Radish Cake
13,909,Dessert,"Dessert,Cold",Red Bean Snow
69,1757,Main,"Spaghetti,Seafood",SCALLOP CREAM SAUCE SPAGHETTI
0,3515,Main,"Spaghetti,Seafood",SCALLOP CREAM SAUCE SPAGHETTI
0,5273,Main,"Spaghetti,Seafood",SCALLOP CREAM SAUCE SPAGHETTI
51,1394,Main,"Rice,Pork",SH Pork Chop Rice
0,2788,Main,"Rice,Pork",SH Pork Chop Rice
0,4182,Main,"Rice,Pork",SH Pork Chop Rice
34,1515,Main,"Noodle,Duck",SMOKED DUCK DRY CURRY RAMEN
17,594,Drink,"Drink,Cold",SOUR PLUM COKE
1,1782,Drink,"Drink,Cold",SOUR PLUM COKE
17,667,Dessert,"Dessert,Cold",SOY MILK WITH GLUTINOUS BALL
0,1333,Dessert,"Dessert,Cold",SOY MILK WITH GLUTINOUS BALL
0,2000,Dessert,"Dessert,Cold",SOY MILK WITH GLUTINOUS BALL
94,1273,Main,"Noodle,Pork,Seafood",SPECIAL STIR FRIED BEE HOON
1,2545,Main,"Noodle,Pork,Seafood",SPECIAL STIR FRIED BEE HOON
1,3818,Main,"Noodle,Pork,Seafood",SPECIAL STIR FRIED BEE HOON
0,6364,Main,"Noodle,Pork,Seafood",SPECIAL STIR FRIED BEE HOON
80,594,Side,"Dimsum,Pork",SPRING ROLL
2,1188,Side,"Dimsum,Pork",SPRING ROLL
78,1273,Main,"Friedrice,Seafood",Sambal Seafood Fried Rice
1,2545,Main,"Friedrice,Seafood",Sambal Seafood Fried Rice
1,3818,Main,"Friedrice,Seafood",Sambal Seafood Fried Rice
0,6364,Main,"Friedrice,Seafood",Sambal Seafood Fried Rice
25,1151,Main,"Porridge,Seafood",Sampan Congee
0,2303,Main,"Porridge,Seafood",Sampan Congee
10,1321,Main,"Noodle,Seafood",Seafood Ee Noodle
20,1273,Main,"Noodle,Seafood",Seafood Egg Hor Fun
0,2545,Main,"Noodle,Seafood",Seafood Egg Hor Fun
36,1273,Main,"Rice,Seafood",Seafood Muifan
0,2545,Main,"Rice,Seafood",Seafood Muifan
45,1273,Main,"Noodle,Seafood",Seafood Sauteed HF
0,2545,Main,"Noodle,Seafood",Seafood Sauteed HF
1,3818,Main,"Noodle,Seafood",Seafood Sauteed HF
0,6364,Main,"Noodle,Seafood",Seafood Sauteed HF
14,1030,Main,"Soup,Seafood,Pork",Seafood and Slice Pork Macaroni Soup
0,3091,Main,"Soup,Seafood,Pork",Seafood and Slice Pork Macaroni Soup
43,667,Dessert,"Dessert,Cold",Sesame Cream Glutinous Ball
1,1333,Dessert,"Dessert,Cold",Sesame Cream Glutinous Ball
2,2000,Dessert,"Dessert,Cold",Sesame Cream Glutinous Ball
0,2667,Dessert,"Dessert,Cold",Sesame Cream Glutinous Ball
99,545,Side,"Dimsum,Seafood,Pork",Siew Mai
2,1091,Side,"Dimsum,Seafood,Pork",Siew Mai
0,1636,Side,"Dimsum,Seafood,Pork",Siew Mai
185,1394,Main,"Noodle,Pork",Signature Fried Noodles
4,2788,Main,"Noodle,Pork",Signature Fried Noodles
2,4182,Main,"Noodle,Pork",Signature Fried Noodles
0,11151,Main,"Noodle,Pork",Signature Fried Noodles
234,1394,Main,"Friedrice,Pork,Seafood,Chicken",Signature Fried Rice
7,2788,Main,"Friedrice,Pork,Seafood,Chicken",Signature Fried Rice
4,4182,Main,"Friedrice,Pork,Seafood,Chicken",Signature Fried Rice
93,1200,Main,"Porridge,Seafood",Sliced Empress Congee
1,2400,Main,"Porridge,Seafood",Sliced Empress Congee
0,3600,Main,"Porridge,Seafood",Sliced Empress Congee
25,1273,Main,"Noodle,Fish",Sliced Fish Egg Hor Fun
0,2545,Main,"Noodle,Fish",Sliced Fish Egg Hor Fun
0,3818,Main,"Noodle,Fish",Sliced Fish Egg Hor Fun
5,352,Side,Bread,Soft Boiled Eggs
0,703,Side,Bread,Soft Boiled Eggs
9,836,Side,Soup,Soup Of The Day
0,1673,Side,Soup,Soup Of The Day
0,2509,Side,Soup,Soup Of The Day
134,0,Soup,Soup,Soup of the Day
21,1030,Main,"Porridge,Pork",Spicy Pork Por
40,242,Side,"Fingerfood,Vegetarian",Spicy Sour Fries
0,484,Side,"Fingerfood,Vegetarian",Spicy Sour Fries
1,727,Side,"Fingerfood,Vegetarian",Spicy Sour Fries
0,1212,Side,"Fingerfood,Vegetarian",Spicy Sour Fries
25,352,Drink,"Drink,Cold",Sprite
0,703,Drink,"Drink,Cold",Sprite
0,1055,Drink,"Drink,Cold",Sprite
34,944,Main,"Noodlesoup,Pork",Spy P.Dices Soup Ndl
0,1891,Main,"Noodlesoup,Pork",Spy P.Dices Soup Ndl
0,2836,Main,"Noodlesoup,Pork",Spy P.Dices Soup Ndl
15,594,Side,"Dimsum,Pork",Steam Pork Spare Ribs
51,206,Drink,"Drink,Hot",Teh
2,412,Drink,"Drink,Hot",Teh
1,618,Drink,"Drink,Hot",Teh
0,824,Drink,"Drink,Hot",Teh
25,1030,Main,"Noodle,Vegetarian",VEGETARIAN HOR FUN
0,2061,Main,"Noodle,Vegetarian",VEGETARIAN HOR FUN
0,3091,Main,"Noodle,Vegetarian",VEGETARIAN HOR FUN
24,1151,Main,"Noodle,Vegetarian",VEGETARIAN RAMEN
0,2303,Main,"Noodle,Vegetarian",VEGETARIAN RAMEN
12,182,Side,"Addons,Vegetarian",WHITE RICE
0,364,Side,"Addons,Vegetarian",WHITE RICE
0,545,Side,"Addons,Vegetarian",WHITE RICE
19,715,Side,"Soup,Pork,Seafood",Wanton Soup
0,1430,Side,"Soup,Pork,Seafood",Wanton Soup
0,2145,Side,"Soup,Pork,Seafood",Wanton Soup
62,1079,Main,"Noodle,Pork,Seafood",Wanton Soup Noodle
1,2158,Main,"Noodle,Pork,Seafood",Wanton Soup Noodle
0,3236,Main,"Noodle,Pork,Seafood",Wanton Soup Noodle
126,73,Drink,"Drink,Hot",Warm Water
6,145,Drink,"Drink,Hot",Warm Water
1,218,Drink,"Drink,Hot",Warm Water
0,291,Drink,"Drink,Hot",Warm Water
12,788,Dessert,"Dessert,Cold",Watermelon 'N' Jelly
0,1576,Dessert,"Dessert,Cold",Watermelon 'N' Jelly
0,2364,Dessert,"Dessert,Cold",Watermelon 'N' Jelly
32,715,Drink,"Drink,Cold",Watermelon Ice
0,1430,Drink,"Drink,Cold",Watermelon Ice
0,2145,Drink,"Drink,Cold",Watermelon Ice
14,715,Drink,"Drink,Cold",Watermelon Ice-Blended
0,1430,Drink,"Drink,Cold",Watermelon Ice-Blended
140,1394,Main,"Rice,Chicken",Yao Ma Tei Chix Rice
2,2788,Main,"Rice,Chicken",Yao Ma Tei Chix Rice
1,4182,Main,"Rice,Chicken",Yao Ma Tei Chix Rice
83,388,Drink,"Drink,Hot",Yuzu Tea
2,776,Drink,"Drink,Hot",Yuzu Tea
1,1164,Drink,"Drink,Hot",Yuzu Tea
36,667,Dessert,"Dessert,Cold",AlmondCream Glutinous Ball
0,2000,Dessert,"Dessert,Cold",AlmondCream Glutinous Ball
0,3333,Dessert,"Dessert,Cold",AlmondCream Glutinous Ball
13,1515,Main,"Baked Rice,Beef",BAKED RICE CURRY SLICED BEEF
13,1515,Main,"BakedRice,Seafood",BAKED RICE EBI
0,4545,Main,"BakedRice,Seafood",BAKED RICE EBI
86,545,Side,"Dimsum,Pork",BBQ Pork Bun
1,1091,Side,"Dimsum,Pork",BBQ Pork Bun
0,1636,Side,"Dimsum,Pork",BBQ Pork Bun
9,1515,Main,"Bakedrice,Beef",BP Beef Bk Rice
7,1273,Main,"Western,Chicken",BP Chicken Chop
0,3818,Main,"Western,Chicken",BP Chicken Chop
11,1273,Main,"Spaghetti,Chicken",BP Chicken Chop Spag
16,1273,Main,"Western,Chicken",BP Chix Chop & Fries
23,1273,Main,"Spaghetti,Chicken",BP Chix Spag
0,2545,Main,"Spaghetti,Chicken",BP Chix Spag
0,3818,Main,"Spaghetti,Chicken",BP Chix Spag
0,6364,Main,"Spaghetti,Chicken",BP Chix Spag
8,1515,Main,"Spaghetti,Pork",Baked Pork Chop Cream Spag
100,667,Side,"Dimsum,Pork",Beancurd Skin Prawn Roll
0,1333,Side,"Dimsum,Pork",Beancurd Skin Prawn Roll
0,2000,Side,"Dimsum,Pork",Beancurd Skin Prawn Roll
18,473,Dessert,"Dessert,Cold",Beancurd w Mango
0,944,Dessert,"Dessert,Cold",Beancurd w Mango
1,1418,Dessert,"Dessert,Cold",Beancurd w Mango
35,1151,Side,"Vegetable,Seafood",Belacan 4 S.Bean
0,2303,Side,"Vegetable,Seafood",Belacan 4 S.Bean
0,3454,Side,"Vegetable,Seafood",Belacan 4 S.Bean
21,352,Side,Bread,Bo Lo Bun
0,703,Side,Bread,Bo Lo Bun
0,1055,Side,Bread,Bo Lo Bun
39,594,Side,"Soup,Beef",Borsch Soup
0,1188,Side,"Soup,Beef",Borsch Soup
0,1782,Side,"Soup,Beef",Borsch Soup
30,1188,Main,"Noodlesoup,Beef",Braised Beef Brisket Soup Noodles
0,3564,Main,"Noodlesoup,Beef",Braised Beef Brisket Soup Noodles
9,1200,Main,"Noodle,Beef",Braised Beef brisket Noodles
0,3600,Main,"Noodle,Beef",Braised Beef brisket Noodles
12,1200,Main,"Noodle,Chicken",CHICKEN CHOP EGG DRY NOODLE
0,3600,Main,"Noodle,Chicken",CHICKEN CHOP EGG DRY NOODLE
15,836,Drink,"Drink,Cold",COKE FLOAT
0,2509,Drink,"Drink,Cold",COKE FLOAT
32,1636,Main,"Noodle,Seafood",CRISPY PRAWN NOODLE
23,1394,Main,"Rice,Beef",CURRY BEEF BRISKET HOT POT WITH RICE
1,2788,Main,"Rice,Beef",CURRY BEEF BRISKET HOT POT WITH RICE
33,1030,Main,"Porridge,Pork",Cent Egg Pork Por
0,2061,Main,"Porridge,Pork",Cent Egg Pork Por
0,4121,Main,"Porridge,Pork",Cent Egg Pork Por
112,1442,Main,"Spaghetti,Chicken",Chicken Chop Cream Spag
2,2885,Main,"Spaghetti,Chicken",Chicken Chop Cream Spag
1,4327,Main,"Spaghetti,Chicken",Chicken Chop Cream Spag
0,7212,Main,"Spaghetti,Chicken",Chicken Chop Cream Spag
0,8654,Main,"Spaghetti,Chicken",Chicken Chop Cream Spag
47,1394,Main,"Noodle,Chicken",Chicken Dry Curry Ramen
0,2788,Main,"Noodle,Chicken",Chicken Dry Curry Ramen
1,4182,Main,"Noodle,Chicken",Chicken Dry Curry Ramen
0,6970,Main,"Noodle,Chicken",Chicken Dry Curry Ramen
37,594,Side,"Dimsum,Chicken",Chicken Feet
0,1188,Side,"Dimsum,Chicken",Chicken Feet
35,1273,Main,"Friedrice,Chicken",Chicken Flos Fried Rice
0,2545,Main,"Friedrice,Chicken",Chicken Flos Fried Rice
10,1273,Main,"Friedrice,Chicken",Chicken Floss Egg Fried Rice
0,2545,Main,"Friedrice,Chicken",Chicken Floss Egg Fried Rice
21,1273,Main,"Friedrice,Chicken",Chicken Floss N Egg Fried Rice
0,2545,Main,"Friedrice,Chicken",Chicken Floss N Egg Fried Rice
0,8909,Main,"Friedrice,Chicken",Chicken Floss N Egg Fried Rice
14,1321,Main,"Rice,Chicken",Chicken Hot Pot Rice
71,1394,Side,"Dimsum,Chicken",Chicken In A Basket(3PCS)
0,4182,Side,"Dimsum,Chicken",Chicken In A Basket(3PCS)
14,2121,Side,"Dimsum,Chicken",Chicken In A Basket(5PCS)
15,909,Main,"Soup,Chicken",Chicken Macaroni Soup
1,2727,Main,"Soup,Chicken",Chicken Macaroni Soup
32,1394,Main,"Noodlesoup,Chicken",Chicken Papaya Soup Beehoon
1,2788,Main,"Noodlesoup,Chicken",Chicken Papaya Soup Beehoon
1,4182,Main,"Noodlesoup,Chicken",Chicken Papaya Soup Beehoon
25,715,Side,"Fingerfood,Chicken",Chicken with Seaweed
0,1430,Side,"Fingerfood,Chicken",Chicken with Seaweed
0,3576,Side,"Fingerfood,Chicken",Chicken with Seaweed
56,206,Drink,"Drink,Hot",Chinese Tea
1,412,Drink,"Drink,Hot",Chinese Tea
0,618,Drink,"Drink,Hot",Chinese Tea
45,1515,Main,"Bakedrice,Chicken",Chix Chop Bk Rice
0,3030,Main,"Bakedrice,Chicken",Chix Chop Bk Rice
0,4545,Main,"Bakedrice,Chicken",Chix Chop Bk Rice
78,594,Side,"Dimsum,Chicken",Chix Feet
1,1188,Side,"Dimsum,Chicken",Chix Feet
17,594,Side,"Fingerfood,Chicken",Chix Wing BP
0,1782,Side,"Fingerfood,Chicken",Chix Wing BP
32,594,Side,"Fingerfood,Chicken",Chix Wing Home-made Sour 'N' Spicy Powde
1,1188,Side,"Fingerfood,Chicken",Chix Wing Home-made Sour 'N' Spicy Powde
0,1782,Side,"Fingerfood,Chicken",Chix Wing Home-made Sour 'N' Spicy Powde
81,594,Side,"Fingerfood,Chicken",Chix Wing Honey Sweet Sauce
1,1188,Side,"Fingerfood,Chicken",Chix Wing Honey Sweet Sauce
1,1782,Side,"Fingerfood,Chicken",Chix Wing Honey Sweet Sauce
42,594,Side,"Fingerfood,Chicken",Chix Wing Japanese Sesame Sauce
0,1188,Side,"Fingerfood,Chicken",Chix Wing Japanese Sesame Sauce
0,1782,Side,"Fingerfood,Chicken",Chix Wing Japanese Sesame Sauce
26,594,Side,"Fingerfood,Chicken",Chix Wing Nachos Cheese
0,1782,Side,"Fingerfood,Chicken",Chix Wing Nachos Cheese
22,1442,Main,"Spaghetti,Chicken",Chs Bk Pork Chop Spag
0,2885,Main,"Spaghetti,Chicken",Chs Bk Pork Chop Spag
0,4327,Main,"Spaghetti,Chicken",Chs Bk Pork Chop Spag
22,1200,Main,"Noodle,Pork",Chye Poh N Floss Dry Noodles
0,3600,Main,"Noodle,Pork",Chye Poh N Floss Dry Noodles
25,836,Dessert,"Dessert,Cold",Coffee-Tea Snow Ice
0,1673,Dessert,"Dessert,Cold",Coffee-Tea Snow Ice
24,352,Drink,"Drink,Cold",Coke
1,703,Drink,"Drink,Cold",Coke
0,1055,Drink,"Drink,Cold",Coke
34,121,Drink,"Drink,Cold",Coke Float (Promo)
2,242,Drink,"Drink,Cold",Coke Float (Promo)
0,364,Drink,"Drink,Cold",Coke Float (Promo)
101,73,Drink,"Drink,Cold",Cold / Iced Water
2,145,Drink,"Drink,Cold",Cold / Iced Water
1,218,Drink,"Drink,Cold",Cold / Iced Water
0,291,Drink,"Drink,Cold",Cold / Iced Water
17,594,Side,"Bread,Sweet",Condensed & Peanut TT
0,2970,Side,"Bread,Sweet",Condensed & Peanut TT
0,473,Side,"Dimsum,Chicken",Custard Bun
78,594,Side,"Dimsum,Chicken",Custard Bun
2,1188,Side,"Dimsum,Chicken",Custard Bun
1,1782,Side,"Dimsum,Chicken",Custard Bun
126,0,Side,"Fingerfood,Seafood",Deep Fried Prawn (3pcs)
25,1151,Side,"Fingerfood,Seafood",Deep-fried Prawns with Mango sauce
25,1273,Main,"Friedrice,Pork",Diced Pork Fried Rice
0,2545,Main,"Friedrice,Pork",Diced Pork Fried Rice
18,473,Side,"Bread,Savoury",Egg & Ham Sandwich
20,1394,Main,"Noodle,Chicken",F'mented Pork Dry Curry Ramen
1,2788,Main,"Noodle,Chicken",F'mented Pork Dry Curry Ramen
0,6970,Main,"Noodle,Chicken",F'mented Pork Dry Curry Ramen
27,594,Side,"Fingerfood,Vegetarian",F.Fries Curry Mayo
18,788,Side,"Bread,Savoury",F.Toast Chicken Floss
50,788,Side,"Bread,Sweet",F.Toast Ice Cream
0,1576,Side,"Bread,Sweet",F.Toast Ice Cream
2,2364,Side,"Bread,Sweet",F.Toast Ice Cream
11,1273,Main,"Noodle,Pork",Fermented Pork Dry Noodle
0,2545,Main,"Noodle,Pork",Fermented Pork Dry Noodle
38,1394,Main,"Western,Fish",Fish & Chips
0,2788,Main,"Western,Fish",Fish & Chips
0,4182,Main,"Western,Fish",Fish & Chips
0,9757,Main,"Western,Fish",Fish & Chips
17,1394,Main,"Bakedrice,Fish",Fish Bk Rice
0,2788,Main,"Bakedrice,Fish",Fish Bk Rice
0,4182,Main,"Bakedrice,Fish",Fish Bk Rice
21,1273,Main,"Noodle,Fish",Fish Egg Sauteed HF
0,2545,Main,"Noodle,Fish",Fish Egg Sauteed HF
13,1273,Main,"Spaghetti,Fish",Fish Fillet Spag
0,2545,Main,"Spaghetti,Fish",Fish Fillet Spag
0,3818,Main,"Spaghetti,Fish",Fish Fillet Spag
41,1394,Main,"Noodlesoup,Fish",Fish Papaya Soup Beehoon
0,2788,Main,"Noodlesoup,Fish",Fish Papaya Soup Beehoon
0,4182,Main,"Noodlesoup,Fish",Fish Papaya Soup Beehoon
22,1273,Main,"Rice,Fish",Fish Slice Muifan
0,3818,Main,"Rice,Fish",Fish Slice Muifan
37,1030,Main,"Porridge,Fish",Fish Slice Por
1,2061,Main,"Porridge,Fish",Fish Slice Por
48,594,Side,"Bread,Sweet",French Toast
0,1782,Side,"Bread,Sweet",French Toast
39,594,Drink,"Drink,Cold",Fresh  Lime Juice
0,1188,Drink,"Drink,Cold",Fresh  Lime Juice
85,352,Drink,"Drink,Hot",Fresh Soy Milk
4,703,Drink,"Drink,Hot",Fresh Soy Milk
1,1055,Drink,"Drink,Hot",Fresh Soy Milk
0,2461,Drink,"Drink,Hot",Fresh Soy Milk
20,1394,Main,"Noodle,Pork",Fried Spare Ribs Bee Hoon
1,2788,Main,"Noodle,Pork",Fried Spare Ribs Bee Hoon
0,6970,Main,"Noodle,Pork",Fried Spare Ribs Bee Hoon
9,0,Side,"Fingerfood,Seafood",Fried Wanton 3pcs
95,958,Dessert,"Dessert,Cold",Fruit Jelly Pudding
2,1914,Dessert,"Dessert,Cold",Fruit Jelly Pudding
1,2873,Dessert,"Dessert,Cold",Fruit Jelly Pudding
0,3829,Dessert,"Dessert,Cold",Fruit Jelly Pudding
0,4788,Dessert,"Dessert,Cold",Fruit Jelly Pudding
25,594,Side,"Fingerfood,Chicken",HAM BO LO BUN
0,1188,Side,"Fingerfood,Chicken",HAM BO LO BUN
52,715,Side,"Fingerfood,Chicken",HONEY CHICKEN WING (5pcs)
0,2145,Side,"Fingerfood,Chicken",HONEY CHICKEN WING (5pcs)
30,944,Main,"Noodlesoup,Pork",Ham & Egg Soup Ndl
0,1891,Main,"Noodlesoup,Pork",Ham & Egg Soup Ndl
0,2836,Main,"Noodlesoup,Pork",Ham & Egg Soup Ndl
34,836,Side,"Bread,Pork",Ham Egg Toast N French Fries
0,2509,Side,"Bread,Pork",Ham Egg Toast N French Fries
131,594,Side,"Dimsum,Seafood",Har Gao
1,1188,Side,"Dimsum,Seafood",Har Gao
1,1782,Side,"Dimsum,Seafood",Har Gao
24,352,Dessert,"Dessert,Cold",Home-Made Cold Beancurd
0,1055,Dessert,"Dessert,Cold",Home-Made Cold Beancurd
78,958,Dessert,"Dessert,Cold",Homemade Cold Beancurd
1,1914,Dessert,"Dessert,Cold",Homemade Cold Beancurd
2,2873,Dessert,"Dessert,Cold",Homemade Cold Beancurd
0,6703,Dessert,"Dessert,Cold",Homemade Cold Beancurd
123,424,Drink,"Drink,Hot",Hot Coffee-Tea
3,848,Drink,"Drink,Hot",Hot Coffee-Tea
3,1273,Drink,"Drink,Hot",Hot Coffee-Tea
35,473,Drink,"Drink,Hot",Hot Honey Green Tea
0,944,Drink,"Drink,Hot",Hot Honey Green Tea
0,1418,Drink,"Drink,Hot",Hot Honey Green Tea
134,473,Drink,"Drink,Hot",Hot Honey with Lemon
4,944,Drink,"Drink,Hot",Hot Honey with Lemon
1,1418,Drink,"Drink,Hot",Hot Honey with Lemon
0,1891,Drink,"Drink,Hot",Hot Honey with Lemon
0,2836,Drink,"Drink,Hot",Hot Honey with Lemon
14,836,Drink,"Drink,Cold",ICED MILO FLOAT
93,545,Drink,"Drink,Cold",Ice Milo Dinosaur
1,1091,Drink,"Drink,Cold",Ice Milo Dinosaur
1,1636,Drink,"Drink,Cold",Ice Milo Dinosaur
0,2182,Drink,"Drink,Cold",Ice Milo Dinosaur
148,473,Drink,"Drink,Cold",Iced Coffee-Tea
8,944,Drink,"Drink,Cold",Iced Coffee-Tea
3,1418,Drink,"Drink,Cold",Iced Coffee-Tea
19,836,Drink,"Drink,Cold",Iced Coffee-Tea Float
62,0,Drink,"Drink,Cold",Iced Grass Jelly
80,352,Drink,"Drink,Cold",Iced Grass Jelly
1,703,Drink,"Drink,Cold",Iced Grass Jelly
0,1055,Drink,"Drink,Cold",Iced Grass Jelly
36,594,Drink,"Drink,Cold",Iced Honey Green Tea
0,1188,Drink,"Drink,Cold",Iced Honey Green Tea
0,1782,Drink,"Drink,Cold",Iced Honey Green Tea
95,0,Drink,"Drink,Cold",Iced Lemon Tea
45,121,Drink,"Drink,Cold",Iced Lemon Tea
1,242,Drink,"Drink,Cold",Iced Lemon Tea
1,364,Drink,"Drink,Cold",Iced Lemon Tea
0,484,Drink,"Drink,Cold",Iced Lemon Tea
71,594,Drink,"Drink,Cold",Iced Lemon Tea
1,1188,Drink,"Drink,Cold",Iced Lemon Tea
1,1782,Drink,"Drink,Cold",Iced Lemon Tea
223,667,Drink,"Drink,Cold",Iced Lychee Tea
2,1333,Drink,"Drink,Cold",Iced Lychee Tea
2,2000,Drink,"Drink,Cold",Iced Lychee Tea
0,3333,Drink,"Drink,Cold",Iced Lychee Tea
255,473,Drink,"Drink,Cold",Iced Milk Tea
20,545,Drink,"Drink,Cold",Iced Milk Tea
14,944,Drink,"Drink,Cold",Iced Milk Tea
1,1091,Drink,"Drink,Cold",Iced Milk Tea
6,1418,Drink,"Drink,Cold",Iced Milk Tea
0,1636,Drink,"Drink,Cold",Iced Milk Tea
1,1891,Drink,"Drink,Cold",Iced Milk Tea
0,2364,Drink,"Drink,Cold",Iced Milk Tea
0,2727,Drink,"Drink,Cold",Iced Milk Tea
0,5200,Drink,"Drink,Cold",Iced Milk Tea
15,836,Drink,"Drink,Cold",Iced Milk Tea Float
0,2509,Drink,"Drink,Cold",Iced Milk Tea Float
30,667,Drink,"Drink,Cold",Iced Peach Tea
1,1333,Drink,"Drink,Cold",Iced Peach Tea
69,473,Drink,"Drink,Cold",Iced Soy Milk
3,944,Drink,"Drink,Cold",Iced Soy Milk
0,1418,Drink,"Drink,Cold",Iced Soy Milk
0,1891,Drink,"Drink,Cold",Iced Soy Milk
0,2364,Drink,"Drink,Cold",Iced Soy Milk
49,667,Drink,"Drink,Cold",Iced Yuzu Tea
0,1333,Drink,"Drink,Cold",Iced Yuzu Tea
0,2000,Drink,"Drink,Cold",Iced Yuzu Tea
26,352,Side,"Bread,Sweet",Kaya Butter Bread
0,703,Side,"Bread,Sweet",Kaya Butter Bread
0,1055,Side,"Bread,Sweet",Kaya Butter Bread
38,424,Side,"Bread,Savoury",Kaya Butter Bread + Kopi
0,848,Side,"Bread,Savoury",Kaya Butter Bread + Kopi
1,1273,Side,"Bread,Savoury",Kaya Butter Bread + Kopi
0,2545,Side,"Bread,Savoury",Kaya Butter Bread + Kopi
66,206,Drink,"Drink,Hot",Kopi
2,412,Drink,"Drink,Hot",Kopi
0,618,Drink,"Drink,Hot",Kopi
0,824,Drink,"Drink,Hot",Kopi
49,473,Side,"Bread,Savoury",L.Meat'N'Egg S'wich
0,1418,Side,"Bread,Savoury",L.Meat'N'Egg S'wich
20,473,Drink,"Drink,Hot",LEMON COKE
0,944,Drink,"Drink,Hot",LEMON COKE
0,1418,Drink,"Drink,Hot",LEMON COKE
19,242,Side,"Addons,Pork",LUNCHEON MEAT (2pcs)
0,484,Side,"Addons,Pork",LUNCHEON MEAT (2pcs)
0,727,Side,"Addons,Pork",LUNCHEON MEAT (2pcs)
0,1212,Side,"Addons,Pork",LUNCHEON MEAT (2pcs)
18,594,Drink,"Drink,Cold",Lime Juice
38,594,Side,"Fingerfood,Pork",Luncheon Meat Fries
0,1188,Side,"Fingerfood,Pork",Luncheon Meat Fries
16,1273,Main,"Spaghetti,Pork",Luncheon Mushrm Cream Spag
0,2545,Main,"Spaghetti,Pork",Luncheon Mushrm Cream Spag
35,473,Side,"Bread,Savoury",Luncheon N Egg Sandwich
0,944,Side,"Bread,Savoury",Luncheon N Egg Sandwich
0,1418,Side,"Bread,Savoury",Luncheon N Egg Sandwich
38,1067,Main,"Noodlesoup,Pork",LuncheonMeatSoup Ndl
1,2133,Main,"Noodlesoup,Pork",LuncheonMeatSoup Ndl
41,715,Drink,"Drink,Cold",Lychee Ice-blended
0,1430,Drink,"Drink,Cold",Lychee Ice-blended
0,3576,Drink,"Drink,Cold",Lychee Ice-blended
142,836,Dessert,"Dessert,Cold",Mango Pomelo
3,1673,Dessert,"Dessert,Cold",Mango Pomelo
1,2509,Dessert,"Dessert,Cold",Mango Pomelo
0,3345,Dessert,"Dessert,Cold",Mango Pomelo
29,909,Dessert,"Dessert,Cold",Mango SnowIce
1,2727,Dessert,"Dessert,Cold",Mango SnowIce
133,424,Drink,"Drink,Hot",Milk Tea
7,848,Drink,"Drink,Hot",Milk Tea
4,1273,Drink,"Drink,Hot",Milk Tea
0,1697,Drink,"Drink,Hot",Milk Tea
50,229,Drink,"Drink,Hot",Milo
1,461,Drink,"Drink,Hot",Milo
94,1151,Side,"Vegetable,Seafood",Minced Kai Lan W Silver Fish
0,3454,Side,"Vegetable,Seafood",Minced Kai Lan W Silver Fish
17,1394,Main,"Baked Rice,Vegetarian",Mush Bk Rice
17,1200,Main,"Spaghetti,Vegetarian",Mushroom Cream Spag
0,2400,Main,"Spaghetti,Vegetarian",Mushroom Cream Spag
0,3600,Main,"Spaghetti,Vegetarian",Mushroom Cream Spag
108,788,Side,"Dimsum,Pork",Pan Fried Dumpling
1,1576,Side,"Dimsum,Pork",Pan Fried Dumpling
31,1030,Side,"Vegetable,Vegetarian",Paoched Lettuce
19,715,Drink,"Drink,Cold",Peach Ice-blended
0,1430,Drink,"Drink,Cold",Peach Ice-blended
18,594,Side,"Bread,Sweet",Peanut Butter Milk Thick Toast
104,1394,Main,"Noodle,Pork",Pork Chop Bee Hoon
3,2788,Main,"Noodle,Pork",Pork Chop Bee Hoon
2,4182,Main,"Noodle,Pork",Pork Chop Bee Hoon
0,6970,Main,"Noodle,Pork",Pork Chop Bee Hoon
46,1515,Main,"Bakedrice,Pork",Pork Chop Bk Rice
0,3030,Main,"Bakedrice,Pork",Pork Chop Bk Rice
0,4545,Main,"Bakedrice,Pork",Pork Chop Bk Rice
13,1394,Main,"Rice,Pork",Pork Chop Frag Rice
0,4182,Main,"Rice,Pork",Pork Chop Frag Rice
14,1394,Main,"Noodle,Pork",Pork Chop Noodle
0,2788,Main,"Noodle,Pork",Pork Chop Noodle
0,4182,Main,"Noodle,Pork",Pork Chop Noodle
16,1030,Main,"Porridge,Pork",Pork N Century Egg Congee
41,1394,Main,"Noodle,Pork",Pork Ribs BH
0,4182,Main,"Noodle,Pork",Pork Ribs BH
8,1030,Main,"Porridge,Pork",Pork n Century Egg Congee
0,2061,Main,"Porridge,Pork",Pork n Century Egg Congee
61,836,Side,"Fingerfood,Chicken",Prawn Paste Chicken
0,1673,Side,"Fingerfood,Chicken",Prawn Paste Chicken
0,2509,Side,"Fingerfood,Chicken",Prawn Paste Chicken
12,1067,Main,"Rice,Chicken",Pumpkin Chix Chop Rice
0,2133,Main,"Rice,Chicken",Pumpkin Chix Chop Rice
54,594,Drink,"Drink,Cold",RAINBOW SPRITE
0,1188,Drink,"Drink,Cold",RAINBOW SPRITE
0,1782,Drink,"Drink,Cold",RAINBOW SPRITE
94,594,Side,"Dimsum,Pork",Radish Cake
1,1188,Side,"Dimsum,Pork",Radish Cake
0,1782,Side,"Dimsum,Pork",Radish Cake
17,909,Dessert,"Dessert,Cold",Red Bean Snow
1,2727,Dessert,"Dessert,Cold",Red Bean Snow
30,1757,Main,"Spaghetti,Seafood",SCALLOP CREAM SAUCE SPAGHETTI
24,1394,Main,"Rice,Pork",SH Pork Chop Rice
0,2788,Main,"Rice,Pork",SH Pork Chop Rice
0,5576,Main,"Rice,Pork",SH Pork Chop Rice
13,1515,Main,"Noodle,Duck",SMOKED DUCK DRY CURRY RAMEN
21,594,Drink,"Drink,Cold",SOUR PLUM COKE
0,1188,Drink,"Drink,Cold",SOUR PLUM COKE
28,667,Dessert,"Dessert,Cold",SOY MILK WITH GLUTINOUS BALL
1,2000,Dessert,"Dessert,Cold",SOY MILK WITH GLUTINOUS BALL
51,1273,Main,"Noodle,Pork,Seafood",SPECIAL STIR FRIED BEE HOON
0,2545,Main,"Noodle,Pork,Seafood",SPECIAL STIR FRIED BEE HOON
1,3818,Main,"Noodle,Pork,Seafood",SPECIAL STIR FRIED BEE HOON
0,6364,Main,"Noodle,Pork,Seafood",SPECIAL STIR FRIED BEE HOON
93,594,Side,"Dimsum,Pork",SPRING ROLL
0,1188,Side,"Dimsum,Pork",SPRING ROLL
0,1782,Side,"Dimsum,Pork",SPRING ROLL
33,1273,Main,"Friedrice,Seafood",Sambal Seafood Fried Rice
1,2545,Main,"Friedrice,Seafood",Sambal Seafood Fried Rice
0,6364,Main,"Friedrice,Seafood",Sambal Seafood Fried Rice
16,1151,Main,"Porridge,Seafood",Sampan Congee
0,3454,Main,"Porridge,Seafood",Sampan Congee
10,1321,Main,"Noodle,Seafood",Seafood Ee Noodle
0,2642,Main,"Noodle,Seafood",Seafood Ee Noodle
12,1273,Main,"Noodle,Seafood",Seafood Egg Hor Fun
0,3818,Main,"Noodle,Seafood",Seafood Egg Hor Fun
18,1273,Main,"Rice,Seafood",Seafood Muifan
0,3818,Main,"Rice,Seafood",Seafood Muifan
0,5091,Main,"Rice,Seafood",Seafood Muifan
34,1273,Main,"Noodle,Seafood",Seafood Sauteed HF
0,2545,Main,"Noodle,Seafood",Seafood Sauteed HF
0,3818,Main,"Noodle,Seafood",Seafood Sauteed HF
12,1030,Main,"Soup,Seafood,Pork",Seafood and Slice Pork Macaroni Soup
0,3091,Main,"Soup,Seafood,Pork",Seafood and Slice Pork Macaroni Soup
86,667,Dessert,"Dessert,Cold",Sesame Cream Glutinous Ball
1,1333,Dessert,"Dessert,Cold",Sesame Cream Glutinous Ball
2,2000,Dessert,"Dessert,Cold",Sesame Cream Glutinous Ball
0,2667,Dessert,"Dessert,Cold",Sesame Cream Glutinous Ball
169,545,Side,"Dimsum,Seafood,Pork",Siew Mai
1,1091,Side,"Dimsum,Seafood,Pork",Siew Mai
1,1636,Side,"Dimsum,Seafood,Pork",Siew Mai
86,1394,Main,"Noodle,Pork",Signature Fried Noodles
1,2788,Main,"Noodle,Pork",Signature Fried Noodles
1,4182,Main,"Noodle,Pork",Signature Fried Noodles
20,1515,Main,Fried Rice,Signature Fried Rice
4,1576,Main,Fried Rice,Signature Fried Rice
1,3030,Main,Fried Rice,Signature Fried Rice
0,3151,Main,Fried Rice,Signature Fried Rice
0,4545,Main,Fried Rice,Signature Fried Rice
0,7576,Main,Fried Rice,Signature Fried Rice
141,1394,Main,"Friedrice,Pork,Seafood,Chicken",Signature Fried Rice
4,2788,Main,"Friedrice,Pork,Seafood,Chicken",Signature Fried Rice
3,4182,Main,"Friedrice,Pork,Seafood,Chicken",Signature Fried Rice
0,5576,Main,"Friedrice,Pork,Seafood,Chicken",Signature Fried Rice
0,6970,Main,"Friedrice,Pork,Seafood,Chicken",Signature Fried Rice
55,1200,Main,"Porridge,Seafood",Sliced Empress Congee
1,2400,Main,"Porridge,Seafood",Sliced Empress Congee
0,3600,Main,"Porridge,Seafood",Sliced Empress Congee
0,4800,Main,"Porridge,Seafood",Sliced Empress Congee
10,1273,Main,"Noodle,Fish",Sliced Fish Egg Hor Fun
8,352,Side,Bread,Soft Boiled Eggs
44,836,Side,Soup,Soup Of The Day
173,0,Soup,Soup,Soup of the Day
12,1030,Main,"Porridge,Pork",Spicy Pork Por
0,3091,Main,"Porridge,Pork",Spicy Pork Por
56,242,Side,"Fingerfood,Vegetarian",Spicy Sour Fries
0,484,Side,"Fingerfood,Vegetarian",Spicy Sour Fries
1,727,Side,"Fingerfood,Vegetarian",Spicy Sour Fries
17,352,Drink,"Drink,Cold",Sprite
21,944,Main,"Noodlesoup,Pork",Spy P.Dices Soup Ndl
0,1891,Main,"Noodlesoup,Pork",Spy P.Dices Soup Ndl
28,594,Side,"Dimsum,Pork",Steam Pork Spare Ribs
0,1188,Side,"Dimsum,Pork",Steam Pork Spare Ribs
0,1782,Side,"Dimsum,Pork",Steam Pork Spare Ribs
68,206,Drink,"Drink,Hot",Teh
1,412,Drink,"Drink,Hot",Teh
1,618,Drink,"Drink,Hot",Teh
11,1030,Main,"Noodle,Vegetarian",VEGETARIAN HOR FUN
9,1151,Main,"Noodle,Vegetarian",VEGETARIAN RAMEN
1,2303,Main,"Noodle,Vegetarian",VEGETARIAN RAMEN
29,182,Side,"Addons,Vegetarian",WHITE RICE
1,364,Side,"Addons,Vegetarian",WHITE RICE
0,545,Side,"Addons,Vegetarian",WHITE RICE
44,715,Side,"Soup,Pork,Seafood",Wanton Soup
0,1430,Side,"Soup,Pork,Seafood",Wanton Soup
0,2861,Side,"Soup,Pork,Seafood",Wanton Soup
34,1079,Main,"Noodle,Pork,Seafood",Wanton Soup Noodle
0,2158,Main,"Noodle,Pork,Seafood",Wanton Soup Noodle
168,73,Drink,"Drink,Hot",Warm Water
3,145,Drink,"Drink,Hot",Warm Water
0,218,Drink,"Drink,Hot",Warm Water
21,788,Dessert,"Dessert,Cold",Watermelon 'N' Jelly
0,1576,Dessert,"Dessert,Cold",Watermelon 'N' Jelly
1,2364,Dessert,"Dessert,Cold",Watermelon 'N' Jelly
0,3939,Dessert,"Dessert,Cold",Watermelon 'N' Jelly
24,715,Drink,"Drink,Cold",Watermelon Ice
0,1430,Drink,"Drink,Cold",Watermelon Ice
0,2145,Drink,"Drink,Cold",Watermelon Ice
0,2861,Drink,"Drink,Cold",Watermelon Ice
16,715,Drink,"Drink,Cold",Watermelon Ice-Blended
0,1430,Drink,"Drink,Cold",Watermelon Ice-Blended
0,2145,Drink,"Drink,Cold",Watermelon Ice-Blended
65,1394,Main,"Rice,Chicken",Yao Ma Tei Chix Rice
1,2788,Main,"Rice,Chicken",Yao Ma Tei Chix Rice
1,4182,Main,"Rice,Chicken",Yao Ma Tei Chix Rice
100,388,Drink,"Drink,Hot",Yuzu Tea
2,776,Drink,"Drink,Hot",Yuzu Tea
1,1164,Drink,"Drink,Hot",Yuzu Tea
0,2327,Drink,"Drink,Hot",Yuzu Tea
