26,667,Dessert,"Dessert,Cold",AlmondCream Glutinous Ball
1,2000,Dessert,"Dessert,Cold",AlmondCream Glutinous Ball
23,1515,Main,"Baked Rice,Beef",BAKED RICE CURRY SLICED BEEF
35,1515,Main,"BakedRice,Seafood",BAKED RICE EBI
79,545,Side,"Dimsum,Pork",BBQ Pork Bun
0,1091,Side,"Dimsum,Pork",BBQ Pork Bun
0,1636,Side,"Dimsum,Pork",BBQ Pork Bun
15,1515,Main,"Bakedrice,Beef",BP Beef Bk Rice
1,4545,Main,"Bakedrice,Beef",BP Beef Bk Rice
17,1273,Main,"Western,Chicken",BP Chicken Chop
0,2545,Main,"Western,Chicken",BP Chicken Chop
0,3818,Main,"Western,Chicken",BP Chicken Chop
32,1273,Main,"Spaghetti,Chicken",BP Chicken Chop Spag
0,2545,Main,"Spaghetti,Chicken",BP Chicken Chop Spag
41,1273,Main,"Western,Chicken",BP Chix Chop & Fries
0,2545,Main,"Western,Chicken",BP Chix Chop & Fries
1,3818,Main,"Western,Chicken",BP Chix Chop & Fries
63,1273,Main,"Spaghetti,Chicken",BP Chix Spag
1,3818,Main,"Spaghetti,Chicken",BP Chix Spag
17,1515,Main,"Spaghetti,Pork",Baked Pork Chop Cream Spag
103,667,Side,"Dimsum,Pork",Beancurd Skin Prawn Roll
0,1333,Side,"Dimsum,Pork",Beancurd Skin Prawn Roll
0,2000,Side,"Dimsum,Pork",Beancurd Skin Prawn Roll
14,473,Dessert,"Dessert,Cold",Beancurd w Mango
0,944,Dessert,"Dessert,Cold",Beancurd w Mango
1,1418,Dessert,"Dessert,Cold",Beancurd w Mango
36,1151,Side,"Vegetable,Seafood",Belacan 4 S.Bean
1,3454,Side,"Vegetable,Seafood",Belacan 4 S.Bean
20,352,Side,Bread,Bo Lo Bun
0,1055,Side,Bread,Bo Lo Bun
0,1757,Side,Bread,Bo Lo Bun
29,594,Side,"Soup,Beef",Borsch Soup
0,1188,Side,"Soup,Beef",Borsch Soup
64,1188,Main,"Noodlesoup,Beef",Braised Beef Brisket Soup Noodles
1,2376,Main,"Noodlesoup,Beef",Braised Beef Brisket Soup Noodles
0,3564,Main,"Noodlesoup,Beef",Braised Beef Brisket Soup Noodles
17,1200,Main,"Noodle,Beef",Braised Beef brisket Noodles
0,4800,Main,"Noodle,Beef",Braised Beef brisket Noodles
31,1200,Main,"Noodle,Chicken",CHICKEN CHOP EGG DRY NOODLE
20,836,Drink,"Drink,Cold",COKE FLOAT
0,2509,Drink,"Drink,Cold",COKE FLOAT
68,1636,Main,"Noodle,Seafood",CRISPY PRAWN NOODLE
1,3272,Main,"Noodle,Seafood",CRISPY PRAWN NOODLE
48,1394,Main,"Rice,Beef",CURRY BEEF BRISKET HOT POT WITH RICE
63,1030,Main,"Porridge,Pork",Cent Egg Pork Por
0,2061,Main,"Porridge,Pork",Cent Egg Pork Por
0,3091,Main,"Porridge,Pork",Cent Egg Pork Por
220,1442,Main,"Spaghetti,Chicken",Chicken Chop Cream Spag
2,2885,Main,"Spaghetti,Chicken",Chicken Chop Cream Spag
1,4327,Main,"Spaghetti,Chicken",Chicken Chop Cream Spag
0,5770,Main,"Spaghetti,Chicken",Chicken Chop Cream Spag
0,7212,Main,"Spaghetti,Chicken",Chicken Chop Cream Spag
92,1394,Main,"Noodle,Chicken",Chicken Dry Curry Ramen
0,2788,Main,"Noodle,Chicken",Chicken Dry Curry Ramen
0,6970,Main,"Noodle,Chicken",Chicken Dry Curry Ramen
34,594,Side,"Dimsum,Chicken",Chicken Feet
0,1188,Side,"Dimsum,Chicken",Chicken Feet
78,1273,Main,"Friedrice,Chicken",Chicken Flos Fried Rice
1,2545,Main,"Friedrice,Chicken",Chicken Flos Fried Rice
0,3818,Main,"Friedrice,Chicken",Chicken Flos Fried Rice
18,1273,Main,"Friedrice,Chicken",Chicken Floss Egg Fried Rice
0,2545,Main,"Friedrice,Chicken",Chicken Floss Egg Fried Rice
0,3818,Main,"Friedrice,Chicken",Chicken Floss Egg Fried Rice
0,5091,Main,"Friedrice,Chicken",Chicken Floss Egg Fried Rice
41,1273,Main,"Friedrice,Chicken",Chicken Floss N Egg Fried Rice
1,2545,Main,"Friedrice,Chicken",Chicken Floss N Egg Fried Rice
1,3818,Main,"Friedrice,Chicken",Chicken Floss N Egg Fried Rice
27,1321,Main,"Rice,Chicken",Chicken Hot Pot Rice
1,3964,Main,"Rice,Chicken",Chicken Hot Pot Rice
66,1394,Side,"Dimsum,Chicken",Chicken In A Basket(3PCS)
0,4182,Side,"Dimsum,Chicken",Chicken In A Basket(3PCS)
16,2121,Side,"Dimsum,Chicken",Chicken In A Basket(5PCS)
24,909,Main,"Soup,Chicken",Chicken Macaroni Soup
0,1818,Main,"Soup,Chicken",Chicken Macaroni Soup
59,1394,Main,"Noodlesoup,Chicken",Chicken Papaya Soup Beehoon
0,2788,Main,"Noodlesoup,Chicken",Chicken Papaya Soup Beehoon
1,4182,Main,"Noodlesoup,Chicken",Chicken Papaya Soup Beehoon
25,715,Side,"Fingerfood,Chicken",Chicken with Seaweed
0,1430,Side,"Fingerfood,Chicken",Chicken with Seaweed
57,206,Drink,"Drink,Hot",Chinese Tea
1,412,Drink,"Drink,Hot",Chinese Tea
87,1515,Main,"Bakedrice,Chicken",Chix Chop Bk Rice
0,3030,Main,"Bakedrice,Chicken",Chix Chop Bk Rice
1,4545,Main,"Bakedrice,Chicken",Chix Chop Bk Rice
0,7576,Main,"Bakedrice,Chicken",Chix Chop Bk Rice
71,594,Side,"Dimsum,Chicken",Chix Feet
1,1188,Side,"Dimsum,Chicken",Chix Feet
13,594,Side,"Fingerfood,Chicken",Chix Wing BP
25,594,Side,"Fingerfood,Chicken",Chix Wing Home-made Sour 'N' Spicy Powde
0,1188,Side,"Fingerfood,Chicken",Chix Wing Home-made Sour 'N' Spicy Powde
88,594,Side,"Fingerfood,Chicken",Chix Wing Honey Sweet Sauce
0,1188,Side,"Fingerfood,Chicken",Chix Wing Honey Sweet Sauce
0,1782,Side,"Fingerfood,Chicken",Chix Wing Honey Sweet Sauce
39,594,Side,"Fingerfood,Chicken",Chix Wing Japanese Sesame Sauce
0,1188,Side,"Fingerfood,Chicken",Chix Wing Japanese Sesame Sauce
24,594,Side,"Fingerfood,Chicken",Chix Wing Nachos Cheese
0,1188,Side,"Fingerfood,Chicken",Chix Wing Nachos Cheese
0,1782,Side,"Fingerfood,Chicken",Chix Wing Nachos Cheese
39,1442,Main,"Spaghetti,Chicken",Chs Bk Pork Chop Spag
0,2885,Main,"Spaghetti,Chicken",Chs Bk Pork Chop Spag
0,4327,Main,"Spaghetti,Chicken",Chs Bk Pork Chop Spag
32,1200,Main,"Noodle,Pork",Chye Poh N Floss Dry Noodles
0,2400,Main,"Noodle,Pork",Chye Poh N Floss Dry Noodles
0,3600,Main,"Noodle,Pork",Chye Poh N Floss Dry Noodles
23,836,Dessert,"Dessert,Cold",Coffee-Tea Snow Ice
1,2509,Dessert,"Dessert,Cold",Coffee-Tea Snow Ice
0,4182,Dessert,"Dessert,Cold",Coffee-Tea Snow Ice
35,352,Drink,"Drink,Cold",Coke
1,703,Drink,"Drink,Cold",Coke
22,121,Drink,"Drink,Cold",Coke Float (Promo)
0,242,Drink,"Drink,Cold",Coke Float (Promo)
1,364,Drink,"Drink,Cold",Coke Float (Promo)
124,73,Drink,"Drink,Cold",Cold / Iced Water
2,145,Drink,"Drink,Cold",Cold / Iced Water
1,218,Drink,"Drink,Cold",Cold / Iced Water
0,291,Drink,"Drink,Cold",Cold / Iced Water
22,594,Side,"Bread,Sweet",Condensed & Peanut TT
0,1782,Side,"Bread,Sweet",Condensed & Peanut TT
0,545,Side,"Dimsum,Chicken",Custard Bun
69,594,Side,"Dimsum,Chicken",Custard Bun
1,1188,Side,"Dimsum,Chicken",Custard Bun
0,1782,Side,"Dimsum,Chicken",Custard Bun
0,2970,Side,"Dimsum,Chicken",Custard Bun
44,0,Side,"Fingerfood,Seafood",Deep Fried Prawn (3pcs)
32,1151,Side,"Fingerfood,Seafood",Deep-fried Prawns with Mango sauce
0,3454,Side,"Fingerfood,Seafood",Deep-fried Prawns with Mango sauce
46,1273,Main,"Friedrice,Pork",Diced Pork Fried Rice
0,3818,Main,"Friedrice,Pork",Diced Pork Fried Rice
12,473,Side,"Bread,Savoury",Egg & Ham Sandwich
46,1394,Main,"Noodle,Chicken",F'mented Pork Dry Curry Ramen
0,2788,Main,"Noodle,Chicken",F'mented Pork Dry Curry Ramen
0,4182,Main,"Noodle,Chicken",F'mented Pork Dry Curry Ramen
27,594,Side,"Fingerfood,Vegetarian",F.Fries Curry Mayo
0,1188,Side,"Fingerfood,Vegetarian",F.Fries Curry Mayo
0,1782,Side,"Fingerfood,Vegetarian",F.Fries Curry Mayo
16,788,Side,"Bread,Savoury",F.Toast Chicken Floss
0,909,Side,"Bread,Savoury",F.Toast Chicken Floss
48,788,Side,"Bread,Sweet",F.Toast Ice Cream
1,1576,Side,"Bread,Sweet",F.Toast Ice Cream
1,2364,Side,"Bread,Sweet",F.Toast Ice Cream
17,1273,Main,"Noodle,Pork",Fermented Pork Dry Noodle
82,1394,Main,"Western,Fish",Fish & Chips
0,2788,Main,"Western,Fish",Fish & Chips
1,4182,Main,"Western,Fish",Fish & Chips
54,1394,Main,"Bakedrice,Fish",Fish Bk Rice
0,4182,Main,"Bakedrice,Fish",Fish Bk Rice
44,1273,Main,"Noodle,Fish",Fish Egg Sauteed HF
0,2545,Main,"Noodle,Fish",Fish Egg Sauteed HF
0,3818,Main,"Noodle,Fish",Fish Egg Sauteed HF
0,6364,Main,"Noodle,Fish",Fish Egg Sauteed HF
22,1273,Main,"Spaghetti,Fish",Fish Fillet Spag
0,2545,Main,"Spaghetti,Fish",Fish Fillet Spag
0,3818,Main,"Spaghetti,Fish",Fish Fillet Spag
0,5091,Main,"Spaghetti,Fish",Fish Fillet Spag
67,1394,Main,"Noodlesoup,Fish",Fish Papaya Soup Beehoon
0,2788,Main,"Noodlesoup,Fish",Fish Papaya Soup Beehoon
0,4182,Main,"Noodlesoup,Fish",Fish Papaya Soup Beehoon
0,5576,Main,"Noodlesoup,Fish",Fish Papaya Soup Beehoon
42,1273,Main,"Rice,Fish",Fish Slice Muifan
72,1030,Main,"Porridge,Fish",Fish Slice Por
0,5151,Main,"Porridge,Fish",Fish Slice Por
44,594,Side,"Bread,Sweet",French Toast
0,1188,Side,"Bread,Sweet",French Toast
1,1782,Side,"Bread,Sweet",French Toast
46,594,Drink,"Drink,Cold",Fresh  Lime Juice
1,1188,Drink,"Drink,Cold",Fresh  Lime Juice
0,1782,Drink,"Drink,Cold",Fresh  Lime Juice
102,352,Drink,"Drink,Hot",Fresh Soy Milk
3,703,Drink,"Drink,Hot",Fresh Soy Milk
35,1394,Main,"Noodle,Pork",Fried Spare Ribs Bee Hoon
1,2788,Main,"Noodle,Pork",Fried Spare Ribs Bee Hoon
0,4182,Main,"Noodle,Pork",Fried Spare Ribs Bee Hoon
3,0,Side,"Fingerfood,Seafood",Fried Wanton 3pcs
122,958,Dessert,"Dessert,Cold",Fruit Jelly Pudding
5,1914,Dessert,"Dessert,Cold",Fruit Jelly Pudding
4,2873,Dessert,"Dessert,Cold",Fruit Jelly Pudding
0,3829,Dessert,"Dessert,Cold",Fruit Jelly Pudding
19,594,Side,"Fingerfood,Chicken",HAM BO LO BUN
0,1782,Side,"Fingerfood,Chicken",HAM BO LO BUN
54,715,Side,"Fingerfood,Chicken",HONEY CHICKEN WING (5pcs)
0,1430,Side,"Fingerfood,Chicken",HONEY CHICKEN WING (5pcs)
1,2145,Side,"Fingerfood,Chicken",HONEY CHICKEN WING (5pcs)
71,944,Main,"Noodlesoup,Pork",Ham & Egg Soup Ndl
0,2836,Main,"Noodlesoup,Pork",Ham & Egg Soup Ndl
29,836,Side,"Bread,Pork",Ham Egg Toast N French Fries
135,594,Side,"Dimsum,Seafood",Har Gao
2,1188,Side,"Dimsum,Seafood",Har Gao
1,1782,Side,"Dimsum,Seafood",Har Gao
14,352,Dessert,"Dessert,Cold",Home-Made Cold Beancurd
0,703,Dessert,"Dessert,Cold",Home-Made Cold Beancurd
0,1055,Dessert,"Dessert,Cold",Home-Made Cold Beancurd
88,958,Dessert,"Dessert,Cold",Homemade Cold Beancurd
3,1914,Dessert,"Dessert,Cold",Homemade Cold Beancurd
3,2873,Dessert,"Dessert,Cold",Homemade Cold Beancurd
135,424,Drink,"Drink,Hot",Hot Coffee-Tea
3,848,Drink,"Drink,Hot",Hot Coffee-Tea
2,1273,Drink,"Drink,Hot",Hot Coffee-Tea
44,473,Drink,"Drink,Hot",Hot Honey Green Tea
1,944,Drink,"Drink,Hot",Hot Honey Green Tea
0,1418,Drink,"Drink,Hot",Hot Honey Green Tea
154,473,Drink,"Drink,Hot",Hot Honey with Lemon
5,944,Drink,"Drink,Hot",Hot Honey with Lemon
1,1418,Drink,"Drink,Hot",Hot Honey with Lemon
0,1891,Drink,"Drink,Hot",Hot Honey with Lemon
23,836,Drink,"Drink,Cold",ICED MILO FLOAT
0,2509,Drink,"Drink,Cold",ICED MILO FLOAT
137,545,Drink,"Drink,Cold",Ice Milo Dinosaur
2,1091,Drink,"Drink,Cold",Ice Milo Dinosaur
0,1636,Drink,"Drink,Cold",Ice Milo Dinosaur
184,473,Drink,"Drink,Cold",Iced Coffee-Tea
4,944,Drink,"Drink,Cold",Iced Coffee-Tea
4,1418,Drink,"Drink,Cold",Iced Coffee-Tea
0,1891,Drink,"Drink,Cold",Iced Coffee-Tea
0,2364,Drink,"Drink,Cold",Iced Coffee-Tea
24,836,Drink,"Drink,Cold",Iced Coffee-Tea Float
0,2509,Drink,"Drink,Cold",Iced Coffee-Tea Float
76,0,Drink,"Drink,Cold",Iced Grass Jelly
99,352,Drink,"Drink,Cold",Iced Grass Jelly
2,703,Drink,"Drink,Cold",Iced Grass Jelly
0,1055,Drink,"Drink,Cold",Iced Grass Jelly
0,1757,Drink,"Drink,Cold",Iced Grass Jelly
41,594,Drink,"Drink,Cold",Iced Honey Green Tea
0,1188,Drink,"Drink,Cold",Iced Honey Green Tea
0,1782,Drink,"Drink,Cold",Iced Honey Green Tea
123,0,Drink,"Drink,Cold",Iced Lemon Tea
24,121,Drink,"Drink,Cold",Iced Lemon Tea
1,242,Drink,"Drink,Cold",Iced Lemon Tea
0,364,Drink,"Drink,Cold",Iced Lemon Tea
96,594,Drink,"Drink,Cold",Iced Lemon Tea
2,1188,Drink,"Drink,Cold",Iced Lemon Tea
1,1782,Drink,"Drink,Cold",Iced Lemon Tea
251,667,Drink,"Drink,Cold",Iced Lychee Tea
6,1333,Drink,"Drink,Cold",Iced Lychee Tea
2,2000,Drink,"Drink,Cold",Iced Lychee Tea
0,3333,Drink,"Drink,Cold",Iced Lychee Tea
303,473,Drink,"Drink,Cold",Iced Milk Tea
1,545,Drink,"Drink,Cold",Iced Milk Tea
17,944,Drink,"Drink,Cold",Iced Milk Tea
1,1091,Drink,"Drink,Cold",Iced Milk Tea
10,1418,Drink,"Drink,Cold",Iced Milk Tea
1,1891,Drink,"Drink,Cold",Iced Milk Tea
0,2364,Drink,"Drink,Cold",Iced Milk Tea
0,2836,Drink,"Drink,Cold",Iced Milk Tea
0,3309,Drink,"Drink,Cold",Iced Milk Tea
20,836,Drink,"Drink,Cold",Iced Milk Tea Float
0,2509,Drink,"Drink,Cold",Iced Milk Tea Float
41,667,Drink,"Drink,Cold",Iced Peach Tea
1,1333,Drink,"Drink,Cold",Iced Peach Tea
0,2000,Drink,"Drink,Cold",Iced Peach Tea
0,2667,Drink,"Drink,Cold",Iced Peach Tea
77,473,Drink,"Drink,Cold",Iced Soy Milk
2,944,Drink,"Drink,Cold",Iced Soy Milk
1,1418,Drink,"Drink,Cold",Iced Soy Milk
55,667,Drink,"Drink,Cold",Iced Yuzu Tea
0,1333,Drink,"Drink,Cold",Iced Yuzu Tea
20,352,Side,"Bread,Sweet",Kaya Butter Bread
25,424,Side,"Bread,Savoury",Kaya Butter Bread + Kopi
0,848,Side,"Bread,Savoury",Kaya Butter Bread + Kopi
0,1273,Side,"Bread,Savoury",Kaya Butter Bread + Kopi
75,206,Drink,"Drink,Hot",Kopi
2,412,Drink,"Drink,Hot",Kopi
1,618,Drink,"Drink,Hot",Kopi
28,473,Side,"Bread,Savoury",L.Meat'N'Egg S'wich
1,1418,Side,"Bread,Savoury",L.Meat'N'Egg S'wich
23,473,Drink,"Drink,Hot",LEMON COKE
0,944,Drink,"Drink,Hot",LEMON COKE
0,1418,Drink,"Drink,Hot",LEMON COKE
20,242,Side,"Addons,Pork",LUNCHEON MEAT (2pcs)
0,484,Side,"Addons,Pork",LUNCHEON MEAT (2pcs)
0,727,Side,"Addons,Pork",LUNCHEON MEAT (2pcs)
19,594,Drink,"Drink,Cold",Lime Juice
0,1188,Drink,"Drink,Cold",Lime Juice
35,594,Side,"Fingerfood,Pork",Luncheon Meat Fries
0,1188,Side,"Fingerfood,Pork",Luncheon Meat Fries
26,1273,Main,"Spaghetti,Pork",Luncheon Mushrm Cream Spag
0,2545,Main,"Spaghetti,Pork",Luncheon Mushrm Cream Spag
20,473,Side,"Bread,Savoury",Luncheon N Egg Sandwich
1,944,Side,"Bread,Savoury",Luncheon N Egg Sandwich
89,1067,Main,"Noodlesoup,Pork",LuncheonMeatSoup Ndl
1,2133,Main,"Noodlesoup,Pork",LuncheonMeatSoup Ndl
1,3200,Main,"Noodlesoup,Pork",LuncheonMeatSoup Ndl
58,715,Drink,"Drink,Cold",Lychee Ice-blended
0,1430,Drink,"Drink,Cold",Lychee Ice-blended
0,2145,Drink,"Drink,Cold",Lychee Ice-blended
99,836,Dessert,"Dessert,Cold",Mango Pomelo
2,1673,Dessert,"Dessert,Cold",Mango Pomelo
3,2509,Dessert,"Dessert,Cold",Mango Pomelo
33,909,Dessert,"Dessert,Cold",Mango SnowIce
1,2727,Dessert,"Dessert,Cold",Mango SnowIce
145,424,Drink,"Drink,Hot",Milk Tea
5,848,Drink,"Drink,Hot",Milk Tea
3,1273,Drink,"Drink,Hot",Milk Tea
0,1697,Drink,"Drink,Hot",Milk Tea
67,229,Drink,"Drink,Hot",Milo
1,461,Drink,"Drink,Hot",Milo
0,691,Drink,"Drink,Hot",Milo
92,1151,Side,"Vegetable,Seafood",Minced Kai Lan W Silver Fish
0,2303,Side,"Vegetable,Seafood",Minced Kai Lan W Silver Fish
0,3454,Side,"Vegetable,Seafood",Minced Kai Lan W Silver Fish
35,1394,Main,"Baked Rice,Vegetarian",Mush Bk Rice
1,2788,Main,"Baked Rice,Vegetarian",Mush Bk Rice
0,4182,Main,"Baked Rice,Vegetarian",Mush Bk Rice
32,1200,Main,"Spaghetti,Vegetarian",Mushroom Cream Spag
0,2400,Main,"Spaghetti,Vegetarian",Mushroom Cream Spag
96,788,Side,"Dimsum,Pork",Pan Fried Dumpling
0,1576,Side,"Dimsum,Pork",Pan Fried Dumpling
0,2364,Side,"Dimsum,Pork",Pan Fried Dumpling
29,1030,Side,"Vegetable,Vegetarian",Paoched Lettuce
0,5151,Side,"Vegetable,Vegetarian",Paoched Lettuce
30,715,Drink,"Drink,Cold",Peach Ice-blended
0,1430,Drink,"Drink,Cold",Peach Ice-blended
10,594,Side,"Bread,Sweet",Peanut Butter Milk Thick Toast
200,1394,Main,"Noodle,Pork",Pork Chop Bee Hoon
3,2788,Main,"Noodle,Pork",Pork Chop Bee Hoon
3,4182,Main,"Noodle,Pork",Pork Chop Bee Hoon
0,5576,Main,"Noodle,Pork",Pork Chop Bee Hoon
0,6970,Main,"Noodle,Pork",Pork Chop Bee Hoon
0,8363,Main,"Noodle,Pork",Pork Chop Bee Hoon
96,1515,Main,"Bakedrice,Pork",Pork Chop Bk Rice
0,4545,Main,"Bakedrice,Pork",Pork Chop Bk Rice
22,1394,Main,"Rice,Pork",Pork Chop Frag Rice
20,1394,Main,"Noodle,Pork",Pork Chop Noodle
0,2788,Main,"Noodle,Pork",Pork Chop Noodle
0,4182,Main,"Noodle,Pork",Pork Chop Noodle
0,5576,Main,"Noodle,Pork",Pork Chop Noodle
25,1030,Main,"Porridge,Pork",Pork N Century Egg Congee
0,2061,Main,"Porridge,Pork",Pork N Century Egg Congee
85,1394,Main,"Noodle,Pork",Pork Ribs BH
1,2788,Main,"Noodle,Pork",Pork Ribs BH
0,4182,Main,"Noodle,Pork",Pork Ribs BH
13,1030,Main,"Porridge,Pork",Pork n Century Egg Congee
0,3091,Main,"Porridge,Pork",Pork n Century Egg Congee
53,836,Side,"Fingerfood,Chicken",Prawn Paste Chicken
0,1673,Side,"Fingerfood,Chicken",Prawn Paste Chicken
22,1067,Main,"Rice,Chicken",Pumpkin Chix Chop Rice
0,2133,Main,"Rice,Chicken",Pumpkin Chix Chop Rice
0,3200,Main,"Rice,Chicken",Pumpkin Chix Chop Rice
73,594,Drink,"Drink,Cold",RAINBOW SPRITE
1,1188,Drink,"Drink,Cold",RAINBOW SPRITE
93,594,Side,"Dimsum,Pork",Radish Cake
1,1188,Side,"Dimsum,Pork",Radish Cake
14,909,Dessert,"Dessert,Cold",Red Bean Snow
0,2727,Dessert,"Dessert,Cold",Red Bean Snow
57,1757,Main,"Spaghetti,Seafood",SCALLOP CREAM SAUCE SPAGHETTI
0,5273,Main,"Spaghetti,Seafood",SCALLOP CREAM SAUCE SPAGHETTI
47,1394,Main,"Rice,Pork",SH Pork Chop Rice
0,2788,Main,"Rice,Pork",SH Pork Chop Rice
0,4182,Main,"Rice,Pork",SH Pork Chop Rice
24,1515,Main,"Noodle,Duck",SMOKED DUCK DRY CURRY RAMEN
22,594,Drink,"Drink,Cold",SOUR PLUM COKE
1,1188,Drink,"Drink,Cold",SOUR PLUM COKE
20,667,Dessert,"Dessert,Cold",SOY MILK WITH GLUTINOUS BALL
0,1333,Dessert,"Dessert,Cold",SOY MILK WITH GLUTINOUS BALL
0,2000,Dessert,"Dessert,Cold",SOY MILK WITH GLUTINOUS BALL
99,1273,Main,"Noodle,Pork,Seafood",SPECIAL STIR FRIED BEE HOON
0,2545,Main,"Noodle,Pork,Seafood",SPECIAL STIR FRIED BEE HOON
1,3818,Main,"Noodle,Pork,Seafood",SPECIAL STIR FRIED BEE HOON
104,594,Side,"Dimsum,Pork",SPRING ROLL
1,1188,Side,"Dimsum,Pork",SPRING ROLL
0,1782,Side,"Dimsum,Pork",SPRING ROLL
67,1273,Main,"Friedrice,Seafood",Sambal Seafood Fried Rice
0,2545,Main,"Friedrice,Seafood",Sambal Seafood Fried Rice
1,3818,Main,"Friedrice,Seafood",Sambal Seafood Fried Rice
0,6364,Main,"Friedrice,Seafood",Sambal Seafood Fried Rice
32,1151,Main,"Porridge,Seafood",Sampan Congee
0,3454,Main,"Porridge,Seafood",Sampan Congee
16,1321,Main,"Noodle,Seafood",Seafood Ee Noodle
0,2642,Main,"Noodle,Seafood",Seafood Ee Noodle
22,1273,Main,"Noodle,Seafood",Seafood Egg Hor Fun
0,2545,Main,"Noodle,Seafood",Seafood Egg Hor Fun
38,1273,Main,"Rice,Seafood",Seafood Muifan
1,3818,Main,"Rice,Seafood",Seafood Muifan
63,1273,Main,"Noodle,Seafood",Seafood Sauteed HF
0,2545,Main,"Noodle,Seafood",Seafood Sauteed HF
1,3818,Main,"Noodle,Seafood",Seafood Sauteed HF
19,1030,Main,"Soup,Seafood,Pork",Seafood and Slice Pork Macaroni Soup
0,2061,Main,"Soup,Seafood,Pork",Seafood and Slice Pork Macaroni Soup
0,3091,Main,"Soup,Seafood,Pork",Seafood and Slice Pork Macaroni Soup
57,667,Dessert,"Dessert,Cold",Sesame Cream Glutinous Ball
1,1333,Dessert,"Dessert,Cold",Sesame Cream Glutinous Ball
2,2000,Dessert,"Dessert,Cold",Sesame Cream Glutinous Ball
155,545,Side,"Dimsum,Seafood,Pork",Siew Mai
1,1091,Side,"Dimsum,Seafood,Pork",Siew Mai
1,1636,Side,"Dimsum,Seafood,Pork",Siew Mai
180,1394,Main,"Noodle,Pork",Signature Fried Noodles
1,2788,Main,"Noodle,Pork",Signature Fried Noodles
2,4182,Main,"Noodle,Pork",Signature Fried Noodles
0,5576,Main,"Noodle,Pork",Signature Fried Noodles
0,6970,Main,"Noodle,Pork",Signature Fried Noodles
2,1515,Main,Fried Rice,Signature Fried Rice
257,1394,Main,"Friedrice,Pork,Seafood,Chicken",Signature Fried Rice
4,2788,Main,"Friedrice,Pork,Seafood,Chicken",Signature Fried Rice
5,4182,Main,"Friedrice,Pork,Seafood,Chicken",Signature Fried Rice
0,5576,Main,"Friedrice,Pork,Seafood,Chicken",Signature Fried Rice
100,1200,Main,"Porridge,Seafood",Sliced Empress Congee
1,2400,Main,"Porridge,Seafood",Sliced Empress Congee
0,3600,Main,"Porridge,Seafood",Sliced Empress Congee
18,1273,Main,"Noodle,Fish",Sliced Fish Egg Hor Fun
0,3818,Main,"Noodle,Fish",Sliced Fish Egg Hor Fun
9,352,Side,Bread,Soft Boiled Eggs
0,1757,Side,Bread,Soft Boiled Eggs
27,836,Side,Soup,Soup Of The Day
0,1673,Side,Soup,Soup Of The Day
1,2509,Side,Soup,Soup Of The Day
204,0,Soup,Soup,Soup of the Day
24,1030,Main,"Porridge,Pork",Spicy Pork Por
0,3091,Main,"Porridge,Pork",Spicy Pork Por
59,242,Side,"Fingerfood,Vegetarian",Spicy Sour Fries
0,727,Side,"Fingerfood,Vegetarian",Spicy Sour Fries
0,1212,Side,"Fingerfood,Vegetarian",Spicy Sour Fries
22,352,Drink,"Drink,Cold",Sprite
34,944,Main,"Noodlesoup,Pork",Spy P.Dices Soup Ndl
0,2836,Main,"Noodlesoup,Pork",Spy P.Dices Soup Ndl
24,594,Side,"Dimsum,Pork",Steam Pork Spare Ribs
0,1782,Side,"Dimsum,Pork",Steam Pork Spare Ribs
77,206,Drink,"Drink,Hot",Teh
0,412,Drink,"Drink,Hot",Teh
0,618,Drink,"Drink,Hot",Teh
0,824,Drink,"Drink,Hot",Teh
22,1030,Main,"Noodle,Vegetarian",VEGETARIAN HOR FUN
0,2061,Main,"Noodle,Vegetarian",VEGETARIAN HOR FUN
0,3091,Main,"Noodle,Vegetarian",VEGETARIAN HOR FUN
19,1151,Main,"Noodle,Vegetarian",VEGETARIAN RAMEN
0,2303,Main,"Noodle,Vegetarian",VEGETARIAN RAMEN
1,3454,Main,"Noodle,Vegetarian",VEGETARIAN RAMEN
25,182,Side,"Addons,Vegetarian",WHITE RICE
1,364,Side,"Addons,Vegetarian",WHITE RICE
32,715,Side,"Soup,Pork,Seafood",Wanton Soup
58,1079,Main,"Noodle,Pork,Seafood",Wanton Soup Noodle
0,3236,Main,"Noodle,Pork,Seafood",Wanton Soup Noodle
172,73,Drink,"Drink,Hot",Warm Water
5,145,Drink,"Drink,Hot",Warm Water
1,218,Drink,"Drink,Hot",Warm Water
17,788,Dessert,"Dessert,Cold",Watermelon 'N' Jelly
0,2364,Dessert,"Dessert,Cold",Watermelon 'N' Jelly
34,715,Drink,"Drink,Cold",Watermelon Ice
0,1430,Drink,"Drink,Cold",Watermelon Ice
0,2145,Drink,"Drink,Cold",Watermelon Ice
22,715,Drink,"Drink,Cold",Watermelon Ice-Blended
0,1430,Drink,"Drink,Cold",Watermelon Ice-Blended
0,2145,Drink,"Drink,Cold",Watermelon Ice-Blended
141,1394,Main,"Rice,Chicken",Yao Ma Tei Chix Rice
2,2788,Main,"Rice,Chicken",Yao Ma Tei Chix Rice
2,4182,Main,"Rice,Chicken",Yao Ma Tei Chix Rice
0,6970,Main,"Rice,Chicken",Yao Ma Tei Chix Rice
124,388,Drink,"Drink,Hot",Yuzu Tea
2,776,Drink,"Drink,Hot",Yuzu Tea
16,667,Dessert,"Dessert,Cold",AlmondCream Glutinous Ball
1,1333,Dessert,"Dessert,Cold",AlmondCream Glutinous Ball
0,2000,Dessert,"Dessert,Cold",AlmondCream Glutinous Ball
0,2667,Dessert,"Dessert,Cold",AlmondCream Glutinous Ball
53,1515,Main,"Baked Rice,Beef",BAKED RICE CURRY SLICED BEEF
0,3030,Main,"Baked Rice,Beef",BAKED RICE CURRY SLICED BEEF
58,1515,Main,"BakedRice,Seafood",BAKED RICE EBI
0,3030,Main,"BakedRice,Seafood",BAKED RICE EBI
50,545,Side,"Dimsum,Pork",BBQ Pork Bun
0,1091,Side,"Dimsum,Pork",BBQ Pork Bun
0,1636,Side,"Dimsum,Pork",BBQ Pork Bun
23,1515,Main,"Bakedrice,Beef",BP Beef Bk Rice
24,1273,Main,"Western,Chicken",BP Chicken Chop
1,2545,Main,"Western,Chicken",BP Chicken Chop
0,3818,Main,"Western,Chicken",BP Chicken Chop
35,1273,Main,"Spaghetti,Chicken",BP Chicken Chop Spag
0,3818,Main,"Spaghetti,Chicken",BP Chicken Chop Spag
50,1273,Main,"Western,Chicken",BP Chix Chop & Fries
0,2545,Main,"Western,Chicken",BP Chix Chop & Fries
0,3818,Main,"Western,Chicken",BP Chix Chop & Fries
0,6364,Main,"Western,Chicken",BP Chix Chop & Fries
76,1273,Main,"Spaghetti,Chicken",BP Chix Spag
0,2545,Main,"Spaghetti,Chicken",BP Chix Spag
0,3818,Main,"Spaghetti,Chicken",BP Chix Spag
30,1515,Main,"Spaghetti,Pork",Baked Pork Chop Cream Spag
0,3030,Main,"Spaghetti,Pork",Baked Pork Chop Cream Spag
0,4545,Main,"Spaghetti,Pork",Baked Pork Chop Cream Spag
79,667,Side,"Dimsum,Pork",Beancurd Skin Prawn Roll
1,1333,Side,"Dimsum,Pork",Beancurd Skin Prawn Roll
0,2000,Side,"Dimsum,Pork",Beancurd Skin Prawn Roll
0,4000,Side,"Dimsum,Pork",Beancurd Skin Prawn Roll
0,4667,Side,"Dimsum,Pork",Beancurd Skin Prawn Roll
9,473,Dessert,"Dessert,Cold",Beancurd w Mango
0,944,Dessert,"Dessert,Cold",Beancurd w Mango
29,1151,Side,"Vegetable,Seafood",Belacan 4 S.Bean
0,3454,Side,"Vegetable,Seafood",Belacan 4 S.Bean
0,5757,Side,"Vegetable,Seafood",Belacan 4 S.Bean
13,352,Side,Bread,Bo Lo Bun
0,703,Side,Bread,Bo Lo Bun
21,594,Side,"Soup,Beef",Borsch Soup
0,1188,Side,"Soup,Beef",Borsch Soup
78,1188,Main,"Noodlesoup,Beef",Braised Beef Brisket Soup Noodles
0,2376,Main,"Noodlesoup,Beef",Braised Beef Brisket Soup Noodles
1,3564,Main,"Noodlesoup,Beef",Braised Beef Brisket Soup Noodles
23,1200,Main,"Noodle,Beef",Braised Beef brisket Noodles
37,1200,Main,"Noodle,Chicken",CHICKEN CHOP EGG DRY NOODLE
0,3600,Main,"Noodle,Chicken",CHICKEN CHOP EGG DRY NOODLE
21,836,Drink,"Drink,Cold",COKE FLOAT
0,4182,Drink,"Drink,Cold",COKE FLOAT
85,1636,Main,"Noodle,Seafood",CRISPY PRAWN NOODLE
0,3272,Main,"Noodle,Seafood",CRISPY PRAWN NOODLE
1,4909,Main,"Noodle,Seafood",CRISPY PRAWN NOODLE
0,9818,Main,"Noodle,Seafood",CRISPY PRAWN NOODLE
39,1394,Main,"Rice,Beef",CURRY BEEF BRISKET HOT POT WITH RICE
0,4182,Main,"Rice,Beef",CURRY BEEF BRISKET HOT POT WITH RICE
0,5576,Main,"Rice,Beef",CURRY BEEF BRISKET HOT POT WITH RICE
62,1030,Main,"Porridge,Pork",Cent Egg Pork Por
0,2061,Main,"Porridge,Pork",Cent Egg Pork Por
0,3091,Main,"Porridge,Pork",Cent Egg Pork Por
262,1442,Main,"Spaghetti,Chicken",Chicken Chop Cream Spag
4,2885,Main,"Spaghetti,Chicken",Chicken Chop Cream Spag
3,4327,Main,"Spaghetti,Chicken",Chicken Chop Cream Spag
0,5770,Main,"Spaghetti,Chicken",Chicken Chop Cream Spag
0,7212,Main,"Spaghetti,Chicken",Chicken Chop Cream Spag
116,1394,Main,"Noodle,Chicken",Chicken Dry Curry Ramen
1,2788,Main,"Noodle,Chicken",Chicken Dry Curry Ramen
1,4182,Main,"Noodle,Chicken",Chicken Dry Curry Ramen
0,6970,Main,"Noodle,Chicken",Chicken Dry Curry Ramen
28,594,Side,"Dimsum,Chicken",Chicken Feet
0,1188,Side,"Dimsum,Chicken",Chicken Feet
103,1273,Main,"Friedrice,Chicken",Chicken Flos Fried Rice
1,2545,Main,"Friedrice,Chicken",Chicken Flos Fried Rice
0,3818,Main,"Friedrice,Chicken",Chicken Flos Fried Rice
24,1273,Main,"Friedrice,Chicken",Chicken Floss Egg Fried Rice
0,2545,Main,"Friedrice,Chicken",Chicken Floss Egg Fried Rice
0,5091,Main,"Friedrice,Chicken",Chicken Floss Egg Fried Rice
47,1273,Main,"Friedrice,Chicken",Chicken Floss N Egg Fried Rice
0,2545,Main,"Friedrice,Chicken",Chicken Floss N Egg Fried Rice
0,3818,Main,"Friedrice,Chicken",Chicken Floss N Egg Fried Rice
28,1321,Main,"Rice,Chicken",Chicken Hot Pot Rice
39,1394,Side,"Dimsum,Chicken",Chicken In A Basket(3PCS)
0,4182,Side,"Dimsum,Chicken",Chicken In A Basket(3PCS)
23,2121,Side,"Dimsum,Chicken",Chicken In A Basket(5PCS)
22,909,Main,"Soup,Chicken",Chicken Macaroni Soup
0,1818,Main,"Soup,Chicken",Chicken Macaroni Soup
54,1394,Main,"Noodlesoup,Chicken",Chicken Papaya Soup Beehoon
0,2788,Main,"Noodlesoup,Chicken",Chicken Papaya Soup Beehoon
1,4182,Main,"Noodlesoup,Chicken",Chicken Papaya Soup Beehoon
0,5576,Main,"Noodlesoup,Chicken",Chicken Papaya Soup Beehoon
18,715,Side,"Fingerfood,Chicken",Chicken with Seaweed
0,1430,Side,"Fingerfood,Chicken",Chicken with Seaweed
0,2145,Side,"Fingerfood,Chicken",Chicken with Seaweed
56,206,Drink,"Drink,Hot",Chinese Tea
1,412,Drink,"Drink,Hot",Chinese Tea
0,1030,Drink,"Drink,Hot",Chinese Tea
114,1515,Main,"Bakedrice,Chicken",Chix Chop Bk Rice
1,3030,Main,"Bakedrice,Chicken",Chix Chop Bk Rice
1,4545,Main,"Bakedrice,Chicken",Chix Chop Bk Rice
56,594,Side,"Dimsum,Chicken",Chix Feet
0,1188,Side,"Dimsum,Chicken",Chix Feet
10,594,Side,"Fingerfood,Chicken",Chix Wing BP
13,594,Side,"Fingerfood,Chicken",Chix Wing Home-made Sour 'N' Spicy Powde
0,1188,Side,"Fingerfood,Chicken",Chix Wing Home-made Sour 'N' Spicy Powde
56,594,Side,"Fingerfood,Chicken",Chix Wing Honey Sweet Sauce
0,1188,Side,"Fingerfood,Chicken",Chix Wing Honey Sweet Sauce
0,2376,Side,"Fingerfood,Chicken",Chix Wing Honey Sweet Sauce
35,594,Side,"Fingerfood,Chicken",Chix Wing Japanese Sesame Sauce
0,1188,Side,"Fingerfood,Chicken",Chix Wing Japanese Sesame Sauce
17,594,Side,"Fingerfood,Chicken",Chix Wing Nachos Cheese
45,1442,Main,"Spaghetti,Chicken",Chs Bk Pork Chop Spag
0,2885,Main,"Spaghetti,Chicken",Chs Bk Pork Chop Spag
1,4327,Main,"Spaghetti,Chicken",Chs Bk Pork Chop Spag
0,7212,Main,"Spaghetti,Chicken",Chs Bk Pork Chop Spag
33,1200,Main,"Noodle,Pork",Chye Poh N Floss Dry Noodles
0,3600,Main,"Noodle,Pork",Chye Poh N Floss Dry Noodles
23,836,Dessert,"Dessert,Cold",Coffee-Tea Snow Ice
0,1673,Dessert,"Dessert,Cold",Coffee-Tea Snow Ice
1,2509,Dessert,"Dessert,Cold",Coffee-Tea Snow Ice
34,352,Drink,"Drink,Cold",Coke
1,703,Drink,"Drink,Cold",Coke
3,121,Drink,"Drink,Cold",Coke Float (Promo)
0,242,Drink,"Drink,Cold",Coke Float (Promo)
99,73,Drink,"Drink,Cold",Cold / Iced Water
4,145,Drink,"Drink,Cold",Cold / Iced Water
1,218,Drink,"Drink,Cold",Cold / Iced Water
12,594,Side,"Bread,Sweet",Condensed & Peanut TT
0,545,Side,"Dimsum,Chicken",Custard Bun
54,594,Side,"Dimsum,Chicken",Custard Bun
2,1188,Side,"Dimsum,Chicken",Custard Bun
12,0,Side,"Fingerfood,Seafood",Deep Fried Prawn (3pcs)
38,1151,Side,"Fingerfood,Seafood",Deep-fried Prawns with Mango sauce
0,2303,Side,"Fingerfood,Seafood",Deep-fried Prawns with Mango sauce
48,1273,Main,"Friedrice,Pork",Diced Pork Fried Rice
0,3818,Main,"Friedrice,Pork",Diced Pork Fried Rice
7,473,Side,"Bread,Savoury",Egg & Ham Sandwich
60,1394,Main,"Noodle,Chicken",F'mented Pork Dry Curry Ramen
0,2788,Main,"Noodle,Chicken",F'mented Pork Dry Curry Ramen
20,594,Side,"Fingerfood,Vegetarian",F.Fries Curry Mayo
0,1188,Side,"Fingerfood,Vegetarian",F.Fries Curry Mayo
0,1782,Side,"Fingerfood,Vegetarian",F.Fries Curry Mayo
12,788,Side,"Bread,Savoury",F.Toast Chicken Floss
0,2364,Side,"Bread,Savoury",F.Toast Chicken Floss
42,788,Side,"Bread,Sweet",F.Toast Ice Cream
1,1576,Side,"Bread,Sweet",F.Toast Ice Cream
1,2364,Side,"Bread,Sweet",F.Toast Ice Cream
16,1273,Main,"Noodle,Pork",Fermented Pork Dry Noodle
0,3818,Main,"Noodle,Pork",Fermented Pork Dry Noodle
111,1394,Main,"Western,Fish",Fish & Chips
1,2788,Main,"Western,Fish",Fish & Chips
1,4182,Main,"Western,Fish",Fish & Chips
77,1394,Main,"Bakedrice,Fish",Fish Bk Rice
0,2788,Main,"Bakedrice,Fish",Fish Bk Rice
0,4182,Main,"Bakedrice,Fish",Fish Bk Rice
50,1273,Main,"Noodle,Fish",Fish Egg Sauteed HF
0,2545,Main,"Noodle,Fish",Fish Egg Sauteed HF
0,3818,Main,"Noodle,Fish",Fish Egg Sauteed HF
35,1273,Main,"Spaghetti,Fish",Fish Fillet Spag
0,6364,Main,"Spaghetti,Fish",Fish Fillet Spag
78,1394,Main,"Noodlesoup,Fish",Fish Papaya Soup Beehoon
1,2788,Main,"Noodlesoup,Fish",Fish Papaya Soup Beehoon
0,4182,Main,"Noodlesoup,Fish",Fish Papaya Soup Beehoon
65,1273,Main,"Rice,Fish",Fish Slice Muifan
0,2545,Main,"Rice,Fish",Fish Slice Muifan
0,3818,Main,"Rice,Fish",Fish Slice Muifan
80,1030,Main,"Porridge,Fish",Fish Slice Por
0,2061,Main,"Porridge,Fish",Fish Slice Por
33,594,Side,"Bread,Sweet",French Toast
0,2376,Side,"Bread,Sweet",French Toast
46,594,Drink,"Drink,Cold",Fresh  Lime Juice
1,1188,Drink,"Drink,Cold",Fresh  Lime Juice
0,1782,Drink,"Drink,Cold",Fresh  Lime Juice
87,352,Drink,"Drink,Hot",Fresh Soy Milk
2,703,Drink,"Drink,Hot",Fresh Soy Milk
1,1055,Drink,"Drink,Hot",Fresh Soy Milk
38,1394,Main,"Noodle,Pork",Fried Spare Ribs Bee Hoon
0,0,Side,"Fingerfood,Seafood",Fried Wanton 3pcs
91,958,Dessert,"Dessert,Cold",Fruit Jelly Pudding
8,1914,Dessert,"Dessert,Cold",Fruit Jelly Pudding
3,2873,Dessert,"Dessert,Cold",Fruit Jelly Pudding
0,4788,Dessert,"Dessert,Cold",Fruit Jelly Pudding
14,594,Side,"Fingerfood,Chicken",HAM BO LO BUN
37,715,Side,"Fingerfood,Chicken",HONEY CHICKEN WING (5pcs)
0,1430,Side,"Fingerfood,Chicken",HONEY CHICKEN WING (5pcs)
0,2145,Side,"Fingerfood,Chicken",HONEY CHICKEN WING (5pcs)
122,944,Main,"Noodlesoup,Pork",Ham & Egg Soup Ndl
2,1891,Main,"Noodlesoup,Pork",Ham & Egg Soup Ndl
2,2836,Main,"Noodlesoup,Pork",Ham & Egg Soup Ndl
0,3782,Main,"Noodlesoup,Pork",Ham & Egg Soup Ndl
16,836,Side,"Bread,Pork",Ham Egg Toast N French Fries
109,594,Side,"Dimsum,Seafood",Har Gao
2,1188,Side,"Dimsum,Seafood",Har Gao
0,1782,Side,"Dimsum,Seafood",Har Gao
0,2970,Side,"Dimsum,Seafood",Har Gao
9,352,Dessert,"Dessert,Cold",Home-Made Cold Beancurd
0,703,Dessert,"Dessert,Cold",Home-Made Cold Beancurd
64,958,Dessert,"Dessert,Cold",Homemade Cold Beancurd
3,1914,Dessert,"Dessert,Cold",Homemade Cold Beancurd
0,2873,Dessert,"Dessert,Cold",Homemade Cold Beancurd
0,3829,Dessert,"Dessert,Cold",Homemade Cold Beancurd
0,5745,Dessert,"Dessert,Cold",Homemade Cold Beancurd
105,424,Drink,"Drink,Hot",Hot Coffee-Tea
3,848,Drink,"Drink,Hot",Hot Coffee-Tea
2,1273,Drink,"Drink,Hot",Hot Coffee-Tea
0,1697,Drink,"Drink,Hot",Hot Coffee-Tea
29,473,Drink,"Drink,Hot",Hot Honey Green Tea
1,944,Drink,"Drink,Hot",Hot Honey Green Tea
121,473,Drink,"Drink,Hot",Hot Honey with Lemon
5,944,Drink,"Drink,Hot",Hot Honey with Lemon
2,1418,Drink,"Drink,Hot",Hot Honey with Lemon
0,2364,Drink,"Drink,Hot",Hot Honey with Lemon
22,836,Drink,"Drink,Cold",ICED MILO FLOAT
1,1673,Drink,"Drink,Cold",ICED MILO FLOAT
146,545,Drink,"Drink,Cold",Ice Milo Dinosaur
5,1091,Drink,"Drink,Cold",Ice Milo Dinosaur
1,1636,Drink,"Drink,Cold",Ice Milo Dinosaur
0,6000,Drink,"Drink,Cold",Ice Milo Dinosaur
139,473,Drink,"Drink,Cold",Iced Coffee-Tea
9,944,Drink,"Drink,Cold",Iced Coffee-Tea
3,1418,Drink,"Drink,Cold",Iced Coffee-Tea
0,2364,Drink,"Drink,Cold",Iced Coffee-Tea
23,836,Drink,"Drink,Cold",Iced Coffee-Tea Float
62,0,Drink,"Drink,Cold",Iced Grass Jelly
77,352,Drink,"Drink,Cold",Iced Grass Jelly
3,703,Drink,"Drink,Cold",Iced Grass Jelly
0,1055,Drink,"Drink,Cold",Iced Grass Jelly
0,1406,Drink,"Drink,Cold",Iced Grass Jelly
42,594,Drink,"Drink,Cold",Iced Honey Green Tea
1,1188,Drink,"Drink,Cold",Iced Honey Green Tea
0,1782,Drink,"Drink,Cold",Iced Honey Green Tea
94,0,Drink,"Drink,Cold",Iced Lemon Tea
6,121,Drink,"Drink,Cold",Iced Lemon Tea
0,364,Drink,"Drink,Cold",Iced Lemon Tea
98,594,Drink,"Drink,Cold",Iced Lemon Tea
3,1188,Drink,"Drink,Cold",Iced Lemon Tea
1,1782,Drink,"Drink,Cold",Iced Lemon Tea
200,667,Drink,"Drink,Cold",Iced Lychee Tea
9,1333,Drink,"Drink,Cold",Iced Lychee Tea
1,2000,Drink,"Drink,Cold",Iced Lychee Tea
1,2667,Drink,"Drink,Cold",Iced Lychee Tea
254,473,Drink,"Drink,Cold",Iced Milk Tea
16,944,Drink,"Drink,Cold",Iced Milk Tea
6,1418,Drink,"Drink,Cold",Iced Milk Tea
1,1891,Drink,"Drink,Cold",Iced Milk Tea
0,2364,Drink,"Drink,Cold",Iced Milk Tea
0,2836,Drink,"Drink,Cold",Iced Milk Tea
0,4254,Drink,"Drink,Cold",Iced Milk Tea
20,836,Drink,"Drink,Cold",Iced Milk Tea Float
0,1673,Drink,"Drink,Cold",Iced Milk Tea Float
43,667,Drink,"Drink,Cold",Iced Peach Tea
2,1333,Drink,"Drink,Cold",Iced Peach Tea
0,2000,Drink,"Drink,Cold",Iced Peach Tea
76,473,Drink,"Drink,Cold",Iced Soy Milk
2,944,Drink,"Drink,Cold",Iced Soy Milk
1,1418,Drink,"Drink,Cold",Iced Soy Milk
48,667,Drink,"Drink,Cold",Iced Yuzu Tea
0,2000,Drink,"Drink,Cold",Iced Yuzu Tea
10,352,Side,"Bread,Sweet",Kaya Butter Bread
0,703,Side,"Bread,Sweet",Kaya Butter Bread
14,424,Side,"Bread,Savoury",Kaya Butter Bread + Kopi
0,848,Side,"Bread,Savoury",Kaya Butter Bread + Kopi
0,1273,Side,"Bread,Savoury",Kaya Butter Bread + Kopi
73,206,Drink,"Drink,Hot",Kopi
2,412,Drink,"Drink,Hot",Kopi
0,618,Drink,"Drink,Hot",Kopi
14,473,Side,"Bread,Savoury",L.Meat'N'Egg S'wich
13,473,Drink,"Drink,Hot",LEMON COKE
0,944,Drink,"Drink,Hot",LEMON COKE
9,242,Side,"Addons,Pork",LUNCHEON MEAT (2pcs)
0,484,Side,"Addons,Pork",LUNCHEON MEAT (2pcs)
0,727,Side,"Addons,Pork",LUNCHEON MEAT (2pcs)
20,594,Drink,"Drink,Cold",Lime Juice
1,1188,Drink,"Drink,Cold",Lime Juice
0,1782,Drink,"Drink,Cold",Lime Juice
19,594,Side,"Fingerfood,Pork",Luncheon Meat Fries
0,1188,Side,"Fingerfood,Pork",Luncheon Meat Fries
0,1782,Side,"Fingerfood,Pork",Luncheon Meat Fries
30,1273,Main,"Spaghetti,Pork",Luncheon Mushrm Cream Spag
0,2545,Main,"Spaghetti,Pork",Luncheon Mushrm Cream Spag
0,3818,Main,"Spaghetti,Pork",Luncheon Mushrm Cream Spag
14,473,Side,"Bread,Savoury",Luncheon N Egg Sandwich
0,944,Side,"Bread,Savoury",Luncheon N Egg Sandwich
90,1067,Main,"Noodlesoup,Pork",LuncheonMeatSoup Ndl
1,2133,Main,"Noodlesoup,Pork",LuncheonMeatSoup Ndl
0,3200,Main,"Noodlesoup,Pork",LuncheonMeatSoup Ndl
58,715,Drink,"Drink,Cold",Lychee Ice-blended
1,1430,Drink,"Drink,Cold",Lychee Ice-blended
75,836,Dessert,"Dessert,Cold",Mango Pomelo
2,1673,Dessert,"Dessert,Cold",Mango Pomelo
1,2509,Dessert,"Dessert,Cold",Mango Pomelo
0,3345,Dessert,"Dessert,Cold",Mango Pomelo
0,4182,Dessert,"Dessert,Cold",Mango Pomelo
0,5018,Dessert,"Dessert,Cold",Mango Pomelo
34,909,Dessert,"Dessert,Cold",Mango SnowIce
1,2727,Dessert,"Dessert,Cold",Mango SnowIce
115,424,Drink,"Drink,Hot",Milk Tea
6,848,Drink,"Drink,Hot",Milk Tea
1,1273,Drink,"Drink,Hot",Milk Tea
1,2121,Drink,"Drink,Hot",Milk Tea
56,229,Drink,"Drink,Hot",Milo
2,461,Drink,"Drink,Hot",Milo
0,691,Drink,"Drink,Hot",Milo
0,1151,Drink,"Drink,Hot",Milo
55,1151,Side,"Vegetable,Seafood",Minced Kai Lan W Silver Fish
0,2303,Side,"Vegetable,Seafood",Minced Kai Lan W Silver Fish
1,3454,Side,"Vegetable,Seafood",Minced Kai Lan W Silver Fish
52,1394,Main,"Baked Rice,Vegetarian",Mush Bk Rice
1,2788,Main,"Baked Rice,Vegetarian",Mush Bk Rice
0,4182,Main,"Baked Rice,Vegetarian",Mush Bk Rice
44,1200,Main,"Spaghetti,Vegetarian",Mushroom Cream Spag
1,2400,Main,"Spaghetti,Vegetarian",Mushroom Cream Spag
77,788,Side,"Dimsum,Pork",Pan Fried Dumpling
0,1576,Side,"Dimsum,Pork",Pan Fried Dumpling
0,2364,Side,"Dimsum,Pork",Pan Fried Dumpling
21,1030,Side,"Vegetable,Vegetarian",Paoched Lettuce
36,715,Drink,"Drink,Cold",Peach Ice-blended
0,1430,Drink,"Drink,Cold",Peach Ice-blended
0,2145,Drink,"Drink,Cold",Peach Ice-blended
12,594,Side,"Bread,Sweet",Peanut Butter Milk Thick Toast
184,1394,Main,"Noodle,Pork",Pork Chop Bee Hoon
5,2788,Main,"Noodle,Pork",Pork Chop Bee Hoon
2,4182,Main,"Noodle,Pork",Pork Chop Bee Hoon
0,5576,Main,"Noodle,Pork",Pork Chop Bee Hoon
0,6970,Main,"Noodle,Pork",Pork Chop Bee Hoon
118,1515,Main,"Bakedrice,Pork",Pork Chop Bk Rice
0,3030,Main,"Bakedrice,Pork",Pork Chop Bk Rice
0,4545,Main,"Bakedrice,Pork",Pork Chop Bk Rice
31,1394,Main,"Rice,Pork",Pork Chop Frag Rice
0,4182,Main,"Rice,Pork",Pork Chop Frag Rice
20,1394,Main,"Noodle,Pork",Pork Chop Noodle
0,2788,Main,"Noodle,Pork",Pork Chop Noodle
1,4182,Main,"Noodle,Pork",Pork Chop Noodle
0,5576,Main,"Noodle,Pork",Pork Chop Noodle
32,1030,Main,"Porridge,Pork",Pork N Century Egg Congee
0,2061,Main,"Porridge,Pork",Pork N Century Egg Congee
0,3091,Main,"Porridge,Pork",Pork N Century Egg Congee
83,1394,Main,"Noodle,Pork",Pork Ribs BH
1,2788,Main,"Noodle,Pork",Pork Ribs BH
0,4182,Main,"Noodle,Pork",Pork Ribs BH
14,1030,Main,"Porridge,Pork",Pork n Century Egg Congee
0,3091,Main,"Porridge,Pork",Pork n Century Egg Congee
34,836,Side,"Fingerfood,Chicken",Prawn Paste Chicken
0,1673,Side,"Fingerfood,Chicken",Prawn Paste Chicken
0,2509,Side,"Fingerfood,Chicken",Prawn Paste Chicken
17,1067,Main,"Rice,Chicken",Pumpkin Chix Chop Rice
0,2133,Main,"Rice,Chicken",Pumpkin Chix Chop Rice
80,594,Drink,"Drink,Cold",RAINBOW SPRITE
1,1188,Drink,"Drink,Cold",RAINBOW SPRITE
1,1782,Drink,"Drink,Cold",RAINBOW SPRITE
0,2376,Drink,"Drink,Cold",RAINBOW SPRITE
62,594,Side,"Dimsum,Pork",Radish Cake
1,1188,Side,"Dimsum,Pork",Radish Cake
0,1782,Side,"Dimsum,Pork",Radish Cake
0,2970,Side,"Dimsum,Pork",Radish Cake
15,909,Dessert,"Dessert,Cold",Red Bean Snow
78,1757,Main,"Spaghetti,Seafood",SCALLOP CREAM SAUCE SPAGHETTI
0,3515,Main,"Spaghetti,Seafood",SCALLOP CREAM SAUCE SPAGHETTI
0,5273,Main,"Spaghetti,Seafood",SCALLOP CREAM SAUCE SPAGHETTI
57,1394,Main,"Rice,Pork",SH Pork Chop Rice
0,2788,Main,"Rice,Pork",SH Pork Chop Rice
0,4182,Main,"Rice,Pork",SH Pork Chop Rice
38,1515,Main,"Noodle,Duck",SMOKED DUCK DRY CURRY RAMEN
19,594,Drink,"Drink,Cold",SOUR PLUM COKE
1,1782,Drink,"Drink,Cold",SOUR PLUM COKE
19,667,Dessert,"Dessert,Cold",SOY MILK WITH GLUTINOUS BALL
0,1333,Dessert,"Dessert,Cold",SOY MILK WITH GLUTINOUS BALL
0,2000,Dessert,"Dessert,Cold",SOY MILK WITH GLUTINOUS BALL
106,1273,Main,"Noodle,Pork,Seafood",SPECIAL STIR FRIED BEE HOON
1,2545,Main,"Noodle,Pork,Seafood",SPECIAL STIR FRIED BEE HOON
1,3818,Main,"Noodle,Pork,Seafood",SPECIAL STIR FRIED BEE HOON
0,6364,Main,"Noodle,Pork,Seafood",SPECIAL STIR FRIED BEE HOON
89,594,Side,"Dimsum,Pork",SPRING ROLL
2,1188,Side,"Dimsum,Pork",SPRING ROLL
87,1273,Main,"Friedrice,Seafood",Sambal Seafood Fried Rice
1,2545,Main,"Friedrice,Seafood",Sambal Seafood Fried Rice
1,3818,Main,"Friedrice,Seafood",Sambal Seafood Fried Rice
0,6364,Main,"Friedrice,Seafood",Sambal Seafood Fried Rice
28,1151,Main,"Porridge,Seafood",Sampan Congee
0,2303,Main,"Porridge,Seafood",Sampan Congee
11,1321,Main,"Noodle,Seafood",Seafood Ee Noodle
23,1273,Main,"Noodle,Seafood",Seafood Egg Hor Fun
0,2545,Main,"Noodle,Seafood",Seafood Egg Hor Fun
40,1273,Main,"Rice,Seafood",Seafood Muifan
0,2545,Main,"Rice,Seafood",Seafood Muifan
51,1273,Main,"Noodle,Seafood",Seafood Sauteed HF
0,2545,Main,"Noodle,Seafood",Seafood Sauteed HF
1,3818,Main,"Noodle,Seafood",Seafood Sauteed HF
0,6364,Main,"Noodle,Seafood",Seafood Sauteed HF
15,1030,Main,"Soup,Seafood,Pork",Seafood and Slice Pork Macaroni Soup
0,3091,Main,"Soup,Seafood,Pork",Seafood and Slice Pork Macaroni Soup
49,667,Dessert,"Dessert,Cold",Sesame Cream Glutinous Ball
1,1333,Dessert,"Dessert,Cold",Sesame Cream Glutinous Ball
2,2000,Dessert,"Dessert,Cold",Sesame Cream Glutinous Ball
0,2667,Dessert,"Dessert,Cold",Sesame Cream Glutinous Ball
111,545,Side,"Dimsum,Seafood,Pork",Siew Mai
2,1091,Side,"Dimsum,Seafood,Pork",Siew Mai
0,1636,Side,"Dimsum,Seafood,Pork",Siew Mai
207,1394,Main,"Noodle,Pork",Signature Fried Noodles
4,2788,Main,"Noodle,Pork",Signature Fried Noodles
3,4182,Main,"Noodle,Pork",Signature Fried Noodles
0,11151,Main,"Noodle,Pork",Signature Fried Noodles
263,1394,Main,"Friedrice,Pork,Seafood,Chicken",Signature Fried Rice
8,2788,Main,"Friedrice,Pork,Seafood,Chicken",Signature Fried Rice
5,4182,Main,"Friedrice,Pork,Seafood,Chicken",Signature Fried Rice
104,1200,Main,"Porridge,Seafood",Sliced Empress Congee
1,2400,Main,"Porridge,Seafood",Sliced Empress Congee
0,3600,Main,"Porridge,Seafood",Sliced Empress Congee
28,1273,Main,"Noodle,Fish",Sliced Fish Egg Hor Fun
0,2545,Main,"Noodle,Fish",Sliced Fish Egg Hor Fun
0,3818,Main,"Noodle,Fish",Sliced Fish Egg Hor Fun
6,352,Side,Bread,Soft Boiled Eggs
0,703,Side,Bread,Soft Boiled Eggs
10,836,Side,Soup,Soup Of The Day
0,1673,Side,Soup,Soup Of The Day
0,2509,Side,Soup,Soup Of The Day
150,0,Soup,Soup,Soup of the Day
24,1030,Main,"Porridge,Pork",Spicy Pork Por
45,242,Side,"Fingerfood,Vegetarian",Spicy Sour Fries
0,484,Side,"Fingerfood,Vegetarian",Spicy Sour Fries
1,727,Side,"Fingerfood,Vegetarian",Spicy Sour Fries
0,1212,Side,"Fingerfood,Vegetarian",Spicy Sour Fries
29,352,Drink,"Drink,Cold",Sprite
0,703,Drink,"Drink,Cold",Sprite
0,1055,Drink,"Drink,Cold",Sprite
38,944,Main,"Noodlesoup,Pork",Spy P.Dices Soup Ndl
0,1891,Main,"Noodlesoup,Pork",Spy P.Dices Soup Ndl
0,2836,Main,"Noodlesoup,Pork",Spy P.Dices Soup Ndl
16,594,Side,"Dimsum,Pork",Steam Pork Spare Ribs
57,206,Drink,"Drink,Hot",Teh
3,412,Drink,"Drink,Hot",Teh
1,618,Drink,"Drink,Hot",Teh
0,824,Drink,"Drink,Hot",Teh
28,1030,Main,"Noodle,Vegetarian",VEGETARIAN HOR FUN
0,2061,Main,"Noodle,Vegetarian",VEGETARIAN HOR FUN
0,3091,Main,"Noodle,Vegetarian",VEGETARIAN HOR FUN
27,1151,Main,"Noodle,Vegetarian",VEGETARIAN RAMEN
0,2303,Main,"Noodle,Vegetarian",VEGETARIAN RAMEN
13,182,Side,"Addons,Vegetarian",WHITE RICE
0,364,Side,"Addons,Vegetarian",WHITE RICE
0,545,Side,"Addons,Vegetarian",WHITE RICE
21,715,Side,"Soup,Pork,Seafood",Wanton Soup
0,1430,Side,"Soup,Pork,Seafood",Wanton Soup
0,2145,Side,"Soup,Pork,Seafood",Wanton Soup
70,1079,Main,"Noodle,Pork,Seafood",Wanton Soup Noodle
1,2158,Main,"Noodle,Pork,Seafood",Wanton Soup Noodle
0,3236,Main,"Noodle,Pork,Seafood",Wanton Soup Noodle
141,73,Drink,"Drink,Hot",Warm Water
7,145,Drink,"Drink,Hot",Warm Water
2,218,Drink,"Drink,Hot",Warm Water
0,291,Drink,"Drink,Hot",Warm Water
14,788,Dessert,"Dessert,Cold",Watermelon 'N' Jelly
0,1576,Dessert,"Dessert,Cold",Watermelon 'N' Jelly
0,2364,Dessert,"Dessert,Cold",Watermelon 'N' Jelly
36,715,Drink,"Drink,Cold",Watermelon Ice
0,1430,Drink,"Drink,Cold",Watermelon Ice
0,2145,Drink,"Drink,Cold",Watermelon Ice
16,715,Drink,"Drink,Cold",Watermelon Ice-Blended
0,1430,Drink,"Drink,Cold",Watermelon Ice-Blended
157,1394,Main,"Rice,Chicken",Yao Ma Tei Chix Rice
2,2788,Main,"Rice,Chicken",Yao Ma Tei Chix Rice
1,4182,Main,"Rice,Chicken",Yao Ma Tei Chix Rice
93,388,Drink,"Drink,Hot",Yuzu Tea
3,776,Drink,"Drink,Hot",Yuzu Tea
1,1164,Drink,"Drink,Hot",Yuzu Tea
40,667,Dessert,"Dessert,Cold",AlmondCream Glutinous Ball
0,2000,Dessert,"Dessert,Cold",AlmondCream Glutinous Ball
0,3333,Dessert,"Dessert,Cold",AlmondCream Glutinous Ball
15,1515,Main,"Baked Rice,Beef",BAKED RICE CURRY SLICED BEEF
15,1515,Main,"BakedRice,Seafood",BAKED RICE EBI
0,4545,Main,"BakedRice,Seafood",BAKED RICE EBI
96,545,Side,"Dimsum,Pork",BBQ Pork Bun
1,1091,Side,"Dimsum,Pork",BBQ Pork Bun
0,1636,Side,"Dimsum,Pork",BBQ Pork Bun
10,1515,Main,"Bakedrice,Beef",BP Beef Bk Rice
8,1273,Main,"Western,Chicken",BP Chicken Chop
0,3818,Main,"Western,Chicken",BP Chicken Chop
12,1273,Main,"Spaghetti,Chicken",BP Chicken Chop Spag
18,1273,Main,"Western,Chicken",BP Chix Chop & Fries
25,1273,Main,"Spaghetti,Chicken",BP Chix Spag
0,2545,Main,"Spaghetti,Chicken",BP Chix Spag
0,3818,Main,"Spaghetti,Chicken",BP Chix Spag
0,6364,Main,"Spaghetti,Chicken",BP Chix Spag
9,1515,Main,"Spaghetti,Pork",Baked Pork Chop Cream Spag
112,667,Side,"Dimsum,Pork",Beancurd Skin Prawn Roll
0,1333,Side,"Dimsum,Pork",Beancurd Skin Prawn Roll
0,2000,Side,"Dimsum,Pork",Beancurd Skin Prawn Roll
20,473,Dessert,"Dessert,Cold",Beancurd w Mango
0,944,Dessert,"Dessert,Cold",Beancurd w Mango
1,1418,Dessert,"Dessert,Cold",Beancurd w Mango
39,1151,Side,"Vegetable,Seafood",Belacan 4 S.Bean
0,2303,Side,"Vegetable,Seafood",Belacan 4 S.Bean
0,3454,Side,"Vegetable,Seafood",Belacan 4 S.Bean
23,352,Side,Bread,Bo Lo Bun
0,703,Side,Bread,Bo Lo Bun
0,1055,Side,Bread,Bo Lo Bun
44,594,Side,"Soup,Beef",Borsch Soup
0,1188,Side,"Soup,Beef",Borsch Soup
0,1782,Side,"Soup,Beef",Borsch Soup
34,1188,Main,"Noodlesoup,Beef",Braised Beef Brisket Soup Noodles
0,3564,Main,"Noodlesoup,Beef",Braised Beef Brisket Soup Noodles
10,1200,Main,"Noodle,Beef",Braised Beef brisket Noodles
0,3600,Main,"Noodle,Beef",Braised Beef brisket Noodles
14,1200,Main,"Noodle,Chicken",CHICKEN CHOP EGG DRY NOODLE
0,3600,Main,"Noodle,Chicken",CHICKEN CHOP EGG DRY NOODLE
16,836,Drink,"Drink,Cold",COKE FLOAT
0,2509,Drink,"Drink,Cold",COKE FLOAT
35,1636,Main,"Noodle,Seafood",CRISPY PRAWN NOODLE
26,1394,Main,"Rice,Beef",CURRY BEEF BRISKET HOT POT WITH RICE
1,2788,Main,"Rice,Beef",CURRY BEEF BRISKET HOT POT WITH RICE
37,1030,Main,"Porridge,Pork",Cent Egg Pork Por
0,2061,Main,"Porridge,Pork",Cent Egg Pork Por
0,4121,Main,"Porridge,Pork",Cent Egg Pork Por
126,1442,Main,"Spaghetti,Chicken",Chicken Chop Cream Spag
2,2885,Main,"Spaghetti,Chicken",Chicken Chop Cream Spag
1,4327,Main,"Spaghetti,Chicken",Chicken Chop Cream Spag
0,7212,Main,"Spaghetti,Chicken",Chicken Chop Cream Spag
0,8654,Main,"Spaghetti,Chicken",Chicken Chop Cream Spag
53,1394,Main,"Noodle,Chicken",Chicken Dry Curry Ramen
0,2788,Main,"Noodle,Chicken",Chicken Dry Curry Ramen
1,4182,Main,"Noodle,Chicken",Chicken Dry Curry Ramen
0,6970,Main,"Noodle,Chicken",Chicken Dry Curry Ramen
42,594,Side,"Dimsum,Chicken",Chicken Feet
0,1188,Side,"Dimsum,Chicken",Chicken Feet
39,1273,Main,"Friedrice,Chicken",Chicken Flos Fried Rice
0,2545,Main,"Friedrice,Chicken",Chicken Flos Fried Rice
12,1273,Main,"Friedrice,Chicken",Chicken Floss Egg Fried Rice
0,2545,Main,"Friedrice,Chicken",Chicken Floss Egg Fried Rice
23,1273,Main,"Friedrice,Chicken",Chicken Floss N Egg Fried Rice
0,2545,Main,"Friedrice,Chicken",Chicken Floss N Egg Fried Rice
0,8909,Main,"Friedrice,Chicken",Chicken Floss N Egg Fried Rice
16,1321,Main,"Rice,Chicken",Chicken Hot Pot Rice
80,1394,Side,"Dimsum,Chicken",Chicken In A Basket(3PCS)
0,4182,Side,"Dimsum,Chicken",Chicken In A Basket(3PCS)
16,2121,Side,"Dimsum,Chicken",Chicken In A Basket(5PCS)
16,909,Main,"Soup,Chicken",Chicken Macaroni Soup
1,2727,Main,"Soup,Chicken",Chicken Macaroni Soup
35,1394,Main,"Noodlesoup,Chicken",Chicken Papaya Soup Beehoon
2,2788,Main,"Noodlesoup,Chicken",Chicken Papaya Soup Beehoon
1,4182,Main,"Noodlesoup,Chicken",Chicken Papaya Soup Beehoon
28,715,Side,"Fingerfood,Chicken",Chicken with Seaweed
0,1430,Side,"Fingerfood,Chicken",Chicken with Seaweed
0,3576,Side,"Fingerfood,Chicken",Chicken with Seaweed
63,206,Drink,"Drink,Hot",Chinese Tea
1,412,Drink,"Drink,Hot",Chinese Tea
0,618,Drink,"Drink,Hot",Chinese Tea
51,1515,Main,"Bakedrice,Chicken",Chix Chop Bk Rice
0,3030,Main,"Bakedrice,Chicken",Chix Chop Bk Rice
0,4545,Main,"Bakedrice,Chicken",Chix Chop Bk Rice
88,594,Side,"Dimsum,Chicken",Chix Feet
1,1188,Side,"Dimsum,Chicken",Chix Feet
19,594,Side,"Fingerfood,Chicken",Chix Wing BP
0,1782,Side,"Fingerfood,Chicken",Chix Wing BP
36,594,Side,"Fingerfood,Chicken",Chix Wing Home-made Sour 'N' Spicy Powde
1,1188,Side,"Fingerfood,Chicken",Chix Wing Home-made Sour 'N' Spicy Powde
0,1782,Side,"Fingerfood,Chicken",Chix Wing Home-made Sour 'N' Spicy Powde
91,594,Side,"Fingerfood,Chicken",Chix Wing Honey Sweet Sauce
1,1188,Side,"Fingerfood,Chicken",Chix Wing Honey Sweet Sauce
1,1782,Side,"Fingerfood,Chicken",Chix Wing Honey Sweet Sauce
47,594,Side,"Fingerfood,Chicken",Chix Wing Japanese Sesame Sauce
0,1188,Side,"Fingerfood,Chicken",Chix Wing Japanese Sesame Sauce
0,1782,Side,"Fingerfood,Chicken",Chix Wing Japanese Sesame Sauce
29,594,Side,"Fingerfood,Chicken",Chix Wing Nachos Cheese
0,1782,Side,"Fingerfood,Chicken",Chix Wing Nachos Cheese
25,1442,Main,"Spaghetti,Chicken",Chs Bk Pork Chop Spag
0,2885,Main,"Spaghetti,Chicken",Chs Bk Pork Chop Spag
0,4327,Main,"Spaghetti,Chicken",Chs Bk Pork Chop Spag
24,1200,Main,"Noodle,Pork",Chye Poh N Floss Dry Noodles
0,3600,Main,"Noodle,Pork",Chye Poh N Floss Dry Noodles
28,836,Dessert,"Dessert,Cold",Coffee-Tea Snow Ice
0,1673,Dessert,"Dessert,Cold",Coffee-Tea Snow Ice
27,352,Drink,"Drink,Cold",Coke
1,703,Drink,"Drink,Cold",Coke
0,1055,Drink,"Drink,Cold",Coke
38,121,Drink,"Drink,Cold",Coke Float (Promo)
3,242,Drink,"Drink,Cold",Coke Float (Promo)
0,364,Drink,"Drink,Cold",Coke Float (Promo)
113,73,Drink,"Drink,Cold",Cold / Iced Water
3,145,Drink,"Drink,Cold",Cold / Iced Water
1,218,Drink,"Drink,Cold",Cold / Iced Water
0,291,Drink,"Drink,Cold",Cold / Iced Water
19,594,Side,"Bread,Sweet",Condensed & Peanut TT
0,2970,Side,"Bread,Sweet",Condensed & Peanut TT
0,473,Side,"Dimsum,Chicken",Custard Bun
87,594,Side,"Dimsum,Chicken",Custard Bun
2,1188,Side,"Dimsum,Chicken",Custard Bun
1,1782,Side,"Dimsum,Chicken",Custard Bun
141,0,Side,"Fingerfood,Seafood",Deep Fried Prawn (3pcs)
28,1151,Side,"Fingerfood,Seafood",Deep-fried Prawns with Mango sauce
29,1273,Main,"Friedrice,Pork",Diced Pork Fried Rice
0,2545,Main,"Friedrice,Pork",Diced Pork Fried Rice
20,473,Side,"Bread,Savoury",Egg & Ham Sandwich
23,1394,Main,"Noodle,Chicken",F'mented Pork Dry Curry Ramen
1,2788,Main,"Noodle,Chicken",F'mented Pork Dry Curry Ramen
0,6970,Main,"Noodle,Chicken",F'mented Pork Dry Curry Ramen
30,594,Side,"Fingerfood,Vegetarian",F.Fries Curry Mayo
21,788,Side,"Bread,Savoury",F.Toast Chicken Floss
56,788,Side,"Bread,Sweet",F.Toast Ice Cream
0,1576,Side,"Bread,Sweet",F.Toast Ice Cream
2,2364,Side,"Bread,Sweet",F.Toast Ice Cream
12,1273,Main,"Noodle,Pork",Fermented Pork Dry Noodle
0,2545,Main,"Noodle,Pork",Fermented Pork Dry Noodle
42,1394,Main,"Western,Fish",Fish & Chips
0,2788,Main,"Western,Fish",Fish & Chips
0,4182,Main,"Western,Fish",Fish & Chips
0,9757,Main,"Western,Fish",Fish & Chips
19,1394,Main,"Bakedrice,Fish",Fish Bk Rice
0,2788,Main,"Bakedrice,Fish",Fish Bk Rice
0,4182,Main,"Bakedrice,Fish",Fish Bk Rice
23,1273,Main,"Noodle,Fish",Fish Egg Sauteed HF
0,2545,Main,"Noodle,Fish",Fish Egg Sauteed HF
15,1273,Main,"Spaghetti,Fish",Fish Fillet Spag
0,2545,Main,"Spaghetti,Fish",Fish Fillet Spag
0,3818,Main,"Spaghetti,Fish",Fish Fillet Spag
46,1394,Main,"Noodlesoup,Fish",Fish Papaya Soup Beehoon
0,2788,Main,"Noodlesoup,Fish",Fish Papaya Soup Beehoon
0,4182,Main,"Noodlesoup,Fish",Fish Papaya Soup Beehoon
25,1273,Main,"Rice,Fish",Fish Slice Muifan
0,3818,Main,"Rice,Fish",Fish Slice Muifan
42,1030,Main,"Porridge,Fish",Fish Slice Por
1,2061,Main,"Porridge,Fish",Fish Slice Por
53,594,Side,"Bread,Sweet",French Toast
0,1782,Side,"Bread,Sweet",French Toast
43,594,Drink,"Drink,Cold",Fresh  Lime Juice
0,1188,Drink,"Drink,Cold",Fresh  Lime Juice
95,352,Drink,"Drink,Hot",Fresh Soy Milk
4,703,Drink,"Drink,Hot",Fresh Soy Milk
1,1055,Drink,"Drink,Hot",Fresh Soy Milk
0,2461,Drink,"Drink,Hot",Fresh Soy Milk
23,1394,Main,"Noodle,Pork",Fried Spare Ribs Bee Hoon
1,2788,Main,"Noodle,Pork",Fried Spare Ribs Bee Hoon
0,6970,Main,"Noodle,Pork",Fried Spare Ribs Bee Hoon
10,0,Side,"Fingerfood,Seafood",Fried Wanton 3pcs
106,958,Dessert,"Dessert,Cold",Fruit Jelly Pudding
2,1914,Dessert,"Dessert,Cold",Fruit Jelly Pudding
1,2873,Dessert,"Dessert,Cold",Fruit Jelly Pudding
0,3829,Dessert,"Dessert,Cold",Fruit Jelly Pudding
0,4788,Dessert,"Dessert,Cold",Fruit Jelly Pudding
29,594,Side,"Fingerfood,Chicken",HAM BO LO BUN
0,1188,Side,"Fingerfood,Chicken",HAM BO LO BUN
58,715,Side,"Fingerfood,Chicken",HONEY CHICKEN WING (5pcs)
0,2145,Side,"Fingerfood,Chicken",HONEY CHICKEN WING (5pcs)
33,944,Main,"Noodlesoup,Pork",Ham & Egg Soup Ndl
0,1891,Main,"Noodlesoup,Pork",Ham & Egg Soup Ndl
0,2836,Main,"Noodlesoup,Pork",Ham & Egg Soup Ndl
38,836,Side,"Bread,Pork",Ham Egg Toast N French Fries
0,2509,Side,"Bread,Pork",Ham Egg Toast N French Fries
147,594,Side,"Dimsum,Seafood",Har Gao
1,1188,Side,"Dimsum,Seafood",Har Gao
1,1782,Side,"Dimsum,Seafood",Har Gao
27,352,Dessert,"Dessert,Cold",Home-Made Cold Beancurd
0,1055,Dessert,"Dessert,Cold",Home-Made Cold Beancurd
87,958,Dessert,"Dessert,Cold",Homemade Cold Beancurd
1,1914,Dessert,"Dessert,Cold",Homemade Cold Beancurd
3,2873,Dessert,"Dessert,Cold",Homemade Cold Beancurd
0,6703,Dessert,"Dessert,Cold",Homemade Cold Beancurd
138,424,Drink,"Drink,Hot",Hot Coffee-Tea
4,848,Drink,"Drink,Hot",Hot Coffee-Tea
3,1273,Drink,"Drink,Hot",Hot Coffee-Tea
40,473,Drink,"Drink,Hot",Hot Honey Green Tea
0,944,Drink,"Drink,Hot",Hot Honey Green Tea
0,1418,Drink,"Drink,Hot",Hot Honey Green Tea
150,473,Drink,"Drink,Hot",Hot Honey with Lemon
4,944,Drink,"Drink,Hot",Hot Honey with Lemon
1,1418,Drink,"Drink,Hot",Hot Honey with Lemon
0,1891,Drink,"Drink,Hot",Hot Honey with Lemon
0,2836,Drink,"Drink,Hot",Hot Honey with Lemon
16,836,Drink,"Drink,Cold",ICED MILO FLOAT
104,545,Drink,"Drink,Cold",Ice Milo Dinosaur
1,1091,Drink,"Drink,Cold",Ice Milo Dinosaur
2,1636,Drink,"Drink,Cold",Ice Milo Dinosaur
0,2182,Drink,"Drink,Cold",Ice Milo Dinosaur
166,473,Drink,"Drink,Cold",Iced Coffee-Tea
9,944,Drink,"Drink,Cold",Iced Coffee-Tea
3,1418,Drink,"Drink,Cold",Iced Coffee-Tea
22,836,Drink,"Drink,Cold",Iced Coffee-Tea Float
69,0,Drink,"Drink,Cold",Iced Grass Jelly
89,352,Drink,"Drink,Cold",Iced Grass Jelly
2,703,Drink,"Drink,Cold",Iced Grass Jelly
0,1055,Drink,"Drink,Cold",Iced Grass Jelly
40,594,Drink,"Drink,Cold",Iced Honey Green Tea
0,1188,Drink,"Drink,Cold",Iced Honey Green Tea
0,1782,Drink,"Drink,Cold",Iced Honey Green Tea
106,0,Drink,"Drink,Cold",Iced Lemon Tea
50,121,Drink,"Drink,Cold",Iced Lemon Tea
1,242,Drink,"Drink,Cold",Iced Lemon Tea
1,364,Drink,"Drink,Cold",Iced Lemon Tea
0,484,Drink,"Drink,Cold",Iced Lemon Tea
79,594,Drink,"Drink,Cold",Iced Lemon Tea
1,1188,Drink,"Drink,Cold",Iced Lemon Tea
1,1782,Drink,"Drink,Cold",Iced Lemon Tea
250,667,Drink,"Drink,Cold",Iced Lychee Tea
2,1333,Drink,"Drink,Cold",Iced Lychee Tea
2,2000,Drink,"Drink,Cold",Iced Lychee Tea
0,3333,Drink,"Drink,Cold",Iced Lychee Tea
286,473,Drink,"Drink,Cold",Iced Milk Tea
22,545,Drink,"Drink,Cold",Iced Milk Tea
16,944,Drink,"Drink,Cold",Iced Milk Tea
2,1091,Drink,"Drink,Cold",Iced Milk Tea
6,1418,Drink,"Drink,Cold",Iced Milk Tea
0,1636,Drink,"Drink,Cold",Iced Milk Tea
1,1891,Drink,"Drink,Cold",Iced Milk Tea
0,2364,Drink,"Drink,Cold",Iced Milk Tea
0,2727,Drink,"Drink,Cold",Iced Milk Tea
0,5200,Drink,"Drink,Cold",Iced Milk Tea
17,836,Drink,"Drink,Cold",Iced Milk Tea Float
0,2509,Drink,"Drink,Cold",Iced Milk Tea Float
34,667,Drink,"Drink,Cold",Iced Peach Tea
1,1333,Drink,"Drink,Cold",Iced Peach Tea
77,473,Drink,"Drink,Cold",Iced Soy Milk
3,944,Drink,"Drink,Cold",Iced Soy Milk
0,1418,Drink,"Drink,Cold",Iced Soy Milk
0,1891,Drink,"Drink,Cold",Iced Soy Milk
0,2364,Drink,"Drink,Cold",Iced Soy Milk
55,667,Drink,"Drink,Cold",Iced Yuzu Tea
0,1333,Drink,"Drink,Cold",Iced Yuzu Tea
0,2000,Drink,"Drink,Cold",Iced Yuzu Tea
29,352,Side,"Bread,Sweet",Kaya Butter Bread
0,703,Side,"Bread,Sweet",Kaya Butter Bread
0,1055,Side,"Bread,Sweet",Kaya Butter Bread
42,424,Side,"Bread,Savoury",Kaya Butter Bread + Kopi
0,848,Side,"Bread,Savoury",Kaya Butter Bread + Kopi
1,1273,Side,"Bread,Savoury",Kaya Butter Bread + Kopi
0,2545,Side,"Bread,Savoury",Kaya Butter Bread + Kopi
74,206,Drink,"Drink,Hot",Kopi
2,412,Drink,"Drink,Hot",Kopi
0,618,Drink,"Drink,Hot",Kopi
0,824,Drink,"Drink,Hot",Kopi
54,473,Side,"Bread,Savoury",L.Meat'N'Egg S'wich
0,1418,Side,"Bread,Savoury",L.Meat'N'Egg S'wich
22,473,Drink,"Drink,Hot",LEMON COKE
0,944,Drink,"Drink,Hot",LEMON COKE
0,1418,Drink,"Drink,Hot",LEMON COKE
22,242,Side,"Addons,Pork",LUNCHEON MEAT (2pcs)
0,484,Side,"Addons,Pork",LUNCHEON MEAT (2pcs)
0,727,Side,"Addons,Pork",LUNCHEON MEAT (2pcs)
0,1212,Side,"Addons,Pork",LUNCHEON MEAT (2pcs)
20,594,Drink,"Drink,Cold",Lime Juice
43,594,Side,"Fingerfood,Pork",Luncheon Meat Fries
0,1188,Side,"Fingerfood,Pork",Luncheon Meat Fries
18,1273,Main,"Spaghetti,Pork",Luncheon Mushrm Cream Spag
0,2545,Main,"Spaghetti,Pork",Luncheon Mushrm Cream Spag
39,473,Side,"Bread,Savoury",Luncheon N Egg Sandwich
0,944,Side,"Bread,Savoury",Luncheon N Egg Sandwich
0,1418,Side,"Bread,Savoury",Luncheon N Egg Sandwich
43,1067,Main,"Noodlesoup,Pork",LuncheonMeatSoup Ndl
1,2133,Main,"Noodlesoup,Pork",LuncheonMeatSoup Ndl
46,715,Drink,"Drink,Cold",Lychee Ice-blended
0,1430,Drink,"Drink,Cold",Lychee Ice-blended
0,3576,Drink,"Drink,Cold",Lychee Ice-blended
160,836,Dessert,"Dessert,Cold",Mango Pomelo
3,1673,Dessert,"Dessert,Cold",Mango Pomelo
2,2509,Dessert,"Dessert,Cold",Mango Pomelo
0,3345,Dessert,"Dessert,Cold",Mango Pomelo
33,909,Dessert,"Dessert,Cold",Mango SnowIce
1,2727,Dessert,"Dessert,Cold",Mango SnowIce
149,424,Drink,"Drink,Hot",Milk Tea
7,848,Drink,"Drink,Hot",Milk Tea
5,1273,Drink,"Drink,Hot",Milk Tea
0,1697,Drink,"Drink,Hot",Milk Tea
56,229,Drink,"Drink,Hot",Milo
1,461,Drink,"Drink,Hot",Milo
106,1151,Side,"Vegetable,Seafood",Minced Kai Lan W Silver Fish
0,3454,Side,"Vegetable,Seafood",Minced Kai Lan W Silver Fish
19,1394,Main,"Baked Rice,Vegetarian",Mush Bk Rice
19,1200,Main,"Spaghetti,Vegetarian",Mushroom Cream Spag
0,2400,Main,"Spaghetti,Vegetarian",Mushroom Cream Spag
0,3600,Main,"Spaghetti,Vegetarian",Mushroom Cream Spag
121,788,Side,"Dimsum,Pork",Pan Fried Dumpling
1,1576,Side,"Dimsum,Pork",Pan Fried Dumpling
35,1030,Side,"Vegetable,Vegetarian",Paoched Lettuce
21,715,Drink,"Drink,Cold",Peach Ice-blended
0,1430,Drink,"Drink,Cold",Peach Ice-blended
20,594,Side,"Bread,Sweet",Peanut Butter Milk Thick Toast
117,1394,Main,"Noodle,Pork",Pork Chop Bee Hoon
4,2788,Main,"Noodle,Pork",Pork Chop Bee Hoon
2,4182,Main,"Noodle,Pork",Pork Chop Bee Hoon
0,6970,Main,"Noodle,Pork",Pork Chop Bee Hoon
52,1515,Main,"Bakedrice,Pork",Pork Chop Bk Rice
0,3030,Main,"Bakedrice,Pork",Pork Chop Bk Rice
0,4545,Main,"Bakedrice,Pork",Pork Chop Bk Rice
14,1394,Main,"Rice,Pork",Pork Chop Frag Rice
0,4182,Main,"Rice,Pork",Pork Chop Frag Rice
16,1394,Main,"Noodle,Pork",Pork Chop Noodle
0,2788,Main,"Noodle,Pork",Pork Chop Noodle
0,4182,Main,"Noodle,Pork",Pork Chop Noodle
18,1030,Main,"Porridge,Pork",Pork N Century Egg Congee
46,1394,Main,"Noodle,Pork",Pork Ribs BH
0,4182,Main,"Noodle,Pork",Pork Ribs BH
9,1030,Main,"Porridge,Pork",Pork n Century Egg Congee
0,2061,Main,"Porridge,Pork",Pork n Century Egg Congee
68,836,Side,"Fingerfood,Chicken",Prawn Paste Chicken
0,1673,Side,"Fingerfood,Chicken",Prawn Paste Chicken
0,2509,Side,"Fingerfood,Chicken",Prawn Paste Chicken
13,1067,Main,"Rice,Chicken",Pumpkin Chix Chop Rice
0,2133,Main,"Rice,Chicken",Pumpkin Chix Chop Rice
60,594,Drink,"Drink,Cold",RAINBOW SPRITE
0,1188,Drink,"Drink,Cold",RAINBOW SPRITE
0,1782,Drink,"Drink,Cold",RAINBOW SPRITE
106,594,Side,"Dimsum,Pork",Radish Cake
1,1188,Side,"Dimsum,Pork",Radish Cake
0,1782,Side,"Dimsum,Pork",Radish Cake
19,909,Dessert,"Dessert,Cold",Red Bean Snow
1,2727,Dessert,"Dessert,Cold",Red Bean Snow
33,1757,Main,"Spaghetti,Seafood",SCALLOP CREAM SAUCE SPAGHETTI
27,1394,Main,"Rice,Pork",SH Pork Chop Rice
0,2788,Main,"Rice,Pork",SH Pork Chop Rice
0,5576,Main,"Rice,Pork",SH Pork Chop Rice
14,1515,Main,"Noodle,Duck",SMOKED DUCK DRY CURRY RAMEN
23,594,Drink,"Drink,Cold",SOUR PLUM COKE
0,1188,Drink,"Drink,Cold",SOUR PLUM COKE
32,667,Dessert,"Dessert,Cold",SOY MILK WITH GLUTINOUS BALL
1,2000,Dessert,"Dessert,Cold",SOY MILK WITH GLUTINOUS BALL
57,1273,Main,"Noodle,Pork,Seafood",SPECIAL STIR FRIED BEE HOON
0,2545,Main,"Noodle,Pork,Seafood",SPECIAL STIR FRIED BEE HOON
1,3818,Main,"Noodle,Pork,Seafood",SPECIAL STIR FRIED BEE HOON
0,6364,Main,"Noodle,Pork,Seafood",SPECIAL STIR FRIED BEE HOON
104,594,Side,"Dimsum,Pork",SPRING ROLL
0,1188,Side,"Dimsum,Pork",SPRING ROLL
0,1782,Side,"Dimsum,Pork",SPRING ROLL
37,1273,Main,"Friedrice,Seafood",Sambal Seafood Fried Rice
1,2545,Main,"Friedrice,Seafood",Sambal Seafood Fried Rice
0,6364,Main,"Friedrice,Seafood",Sambal Seafood Fried Rice
18,1151,Main,"Porridge,Seafood",Sampan Congee
0,3454,Main,"Porridge,Seafood",Sampan Congee
11,1321,Main,"Noodle,Seafood",Seafood Ee Noodle
0,2642,Main,"Noodle,Seafood",Seafood Ee Noodle
13,1273,Main,"Noodle,Seafood",Seafood Egg Hor Fun
0,3818,Main,"Noodle,Seafood",Seafood Egg Hor Fun
20,1273,Main,"Rice,Seafood",Seafood Muifan
0,3818,Main,"Rice,Seafood",Seafood Muifan
0,5091,Main,"Rice,Seafood",Seafood Muifan
38,1273,Main,"Noodle,Seafood",Seafood Sauteed HF
0,2545,Main,"Noodle,Seafood",Seafood Sauteed HF
0,3818,Main,"Noodle,Seafood",Seafood Sauteed HF
13,1030,Main,"Soup,Seafood,Pork",Seafood and Slice Pork Macaroni Soup
0,3091,Main,"Soup,Seafood,Pork",Seafood and Slice Pork Macaroni Soup
96,667,Dessert,"Dessert,Cold",Sesame Cream Glutinous Ball
1,1333,Dessert,"Dessert,Cold",Sesame Cream Glutinous Ball
2,2000,Dessert,"Dessert,Cold",Sesame Cream Glutinous Ball
0,2667,Dessert,"Dessert,Cold",Sesame Cream Glutinous Ball
189,545,Side,"Dimsum,Seafood,Pork",Siew Mai
1,1091,Side,"Dimsum,Seafood,Pork",Siew Mai
1,1636,Side,"Dimsum,Seafood,Pork",Siew Mai
97,1394,Main,"Noodle,Pork",Signature Fried Noodles
1,2788,Main,"Noodle,Pork",Signature Fried Noodles
1,4182,Main,"Noodle,Pork",Signature Fried Noodles
22,1515,Main,Fried Rice,Signature Fried Rice
4,1576,Main,Fried Rice,Signature Fried Rice
1,3030,Main,Fried Rice,Signature Fried Rice
0,3151,Main,Fried Rice,Signature Fried Rice
0,4545,Main,Fried Rice,Signature Fried Rice
0,7576,Main,Fried Rice,Signature Fried Rice
158,1394,Main,"Friedrice,Pork,Seafood,Chicken",Signature Fried Rice
4,2788,Main,"Friedrice,Pork,Seafood,Chicken",Signature Fried Rice
4,4182,Main,"Friedrice,Pork,Seafood,Chicken",Signature Fried Rice
0,5576,Main,"Friedrice,Pork,Seafood,Chicken",Signature Fried Rice
0,6970,Main,"Friedrice,Pork,Seafood,Chicken",Signature Fried Rice
62,1200,Main,"Porridge,Seafood",Sliced Empress Congee
1,2400,Main,"Porridge,Seafood",Sliced Empress Congee
0,3600,Main,"Porridge,Seafood",Sliced Empress Congee
0,4800,Main,"Porridge,Seafood",Sliced Empress Congee
11,1273,Main,"Noodle,Fish",Sliced Fish Egg Hor Fun
10,352,Side,Bread,Soft Boiled Eggs
50,836,Side,Soup,Soup Of The Day
194,0,Soup,Soup,Soup of the Day
13,1030,Main,"Porridge,Pork",Spicy Pork Por
0,3091,Main,"Porridge,Pork",Spicy Pork Por
63,242,Side,"Fingerfood,Vegetarian",Spicy Sour Fries
0,484,Side,"Fingerfood,Vegetarian",Spicy Sour Fries
1,727,Side,"Fingerfood,Vegetarian",Spicy Sour Fries
19,352,Drink,"Drink,Cold",Sprite
24,944,Main,"Noodlesoup,Pork",Spy P.Dices Soup Ndl
0,1891,Main,"Noodlesoup,Pork",Spy P.Dices Soup Ndl
31,594,Side,"Dimsum,Pork",Steam Pork Spare Ribs
0,1188,Side,"Dimsum,Pork",Steam Pork Spare Ribs
0,1782,Side,"Dimsum,Pork",Steam Pork Spare Ribs
76,206,Drink,"Drink,Hot",Teh
1,412,Drink,"Drink,Hot",Teh
1,618,Drink,"Drink,Hot",Teh
12,1030,Main,"Noodle,Vegetarian",VEGETARIAN HOR FUN
10,1151,Main,"Noodle,Vegetarian",VEGETARIAN RAMEN
1,2303,Main,"Noodle,Vegetarian",VEGETARIAN RAMEN
32,182,Side,"Addons,Vegetarian",WHITE RICE
1,364,Side,"Addons,Vegetarian",WHITE RICE
0,545,Side,"Addons,Vegetarian",WHITE RICE
50,715,Side,"Soup,Pork,Seafood",Wanton Soup
0,1430,Side,"Soup,Pork,Seafood",Wanton Soup
0,2861,Side,"Soup,Pork,Seafood",Wanton Soup
38,1079,Main,"Noodle,Pork,Seafood",Wanton Soup Noodle
0,2158,Main,"Noodle,Pork,Seafood",Wanton Soup Noodle
188,73,Drink,"Drink,Hot",Warm Water
3,145,Drink,"Drink,Hot",Warm Water
0,218,Drink,"Drink,Hot",Warm Water
24,788,Dessert,"Dessert,Cold",Watermelon 'N' Jelly
0,1576,Dessert,"Dessert,Cold",Watermelon 'N' Jelly
1,2364,Dessert,"Dessert,Cold",Watermelon 'N' Jelly
0,3939,Dessert,"Dessert,Cold",Watermelon 'N' Jelly
27,715,Drink,"Drink,Cold",Watermelon Ice
0,1430,Drink,"Drink,Cold",Watermelon Ice
0,2145,Drink,"Drink,Cold",Watermelon Ice
0,2861,Drink,"Drink,Cold",Watermelon Ice
18,715,Drink,"Drink,Cold",Watermelon Ice-Blended
0,1430,Drink,"Drink,Cold",Watermelon Ice-Blended
0,2145,Drink,"Drink,Cold",Watermelon Ice-Blended
73,1394,Main,"Rice,Chicken",Yao Ma Tei Chix Rice
1,2788,Main,"Rice,Chicken",Yao Ma Tei Chix Rice
1,4182,Main,"Rice,Chicken",Yao Ma Tei Chix Rice
112,388,Drink,"Drink,Hot",Yuzu Tea
2,776,Drink,"Drink,Hot",Yuzu Tea
1,1164,Drink,"Drink,Hot",Yuzu Tea
0,2327,Drink,"Drink,Hot",Yuzu Tea
